Abakawir,abakawir
Abakawir,siarczan abakawiru
Abatacept,Wskazaniem do stosowania abataceptu jest leczenie umiarkowanego lub ciężkiego czynnego reumatoidalnego zapalenia stawów. Stosowany jest u osób
Abatacept,u których wykazano niezadowalającą odpowiedź na leczenie innymi lekami przeciwreumatycznymi modyfikującymi przebieg choroby m.in. metotreksatem lub innymi inhibitorami czynnika TNF. Stosowany jest także w reumatoidalnym zapaleniu stawów o wysokim czynnym i postępującym charakterze
Abatacept,u pacjentów u których nie włączono jeszcze do leczenia metotreksat.
Abcyksymab,abcyksymab
Abirateron,abirateron
Acebutolol,acebutolol
Aceklofenak,aceklofenak
Acemetacyna,acemetacyna
Acenokumarol,acenokumarol
Acetazolamid,acetazolamid
Acetylocysteina,acetylocysteina
Acyklowir,acyklowir
Acyklowir,sól sodowa acyklowiru
Acytretyna,acytretyna
Adalimumab,adalimumab
Adapalen,adapalen
Adefowir,adefowir
Adefowir,dipiwoksyl adefowiru
Adenozyna,adenozyna
Adrenalina,adrenalina
Adrenalina,chlorowodorek epinefryny
Adrenalina,epinefryna
Adrenalina,winian adrenaliny
Afamelanotyd,afamelanotyd
Afatynib,afatynib
Agalzydaza,agalzydaza alfa
Agalzydaza,agalzydaza alfa
Agomelatyna,agomelatyna
Akamprozat,akamprozat
Akarboza,akarboza
Aksytynib,aksytynib
Albendazol,albendazol
Albiglutyd,albiglutyd
Albumina,albumina ludzka
Alektynib,alektynib
Alemtuzumab,alemtuzumab
Alendronian,alendronian sodu
Alendronian,kwas alendronowy
Alfakalcydol,alfakalcydol
Alfuzosyna,alfuzosyna
Alfuzosyna,alfuzosyny chlorowodorek
Alipogenu,alipogenu typarwowek
Alirokumab,alirokumab
Aliskiren,aliskiren
Alitretynoina,alitretynoina
Allopurynol,allopurinol
Allopurynol,allopurynol
Almotryptan,jabłczan almotryptanu
Almotryptan,maleinian almotryptanu
Alogliptyna,alogliptyna
Alprazolam,alprazolam
Alprostadyl,alprostadil
Alprostadyl,alprostadyl
Alteplaza,alteplaza
Amantadyna,amantadyna
Amantadyna,chlorowodorek amantadyny
Amantadyna,siarczan amantadyny
Ambazon,ambazon
Ambazon,ambazon jednowodny
Ambenonium,ambenonium
Ambenonium,chlorek ambenonium
Ambrisentan,ambrisentan
Ambroksol,chlorowodorek ambroksolu
Amfoterycyna,amfoterycyna b
Amidotryzoinian,amidotryzoinian
Amidotryzoinian,megluminy amidotryzoinian
Amidotryzoinian,sodu amidotryzoinian
Amifamprydyna,amifamprydyna
Amifamprydyna,fosforan amifamprydyny
Amikacyna,amikacyna
Amikacyna,siarczan amikacyny
Amilorid,amilorid
Amilorid,amiloryd
Amilorid,chlorowodorek amilorydu
Aminofluorek,aminofluorek
Aminolewulinian,aminolewulinian heksylu  
Amiodaron,chlorowodorek amiodaronu
Amisulpryd,amisulpryd
Amitryptylina,amitryptylina
Amitryptylina,chlorowodorek amitryptyliny
Amlodypina,bezylan amlodypiny
Amoksycylina,amoksycylina
Ampicylina,ampicylina
Ampicylina,sól sodowa ampicyliny
Amsakryna,amsakryna
Anagrelid,anagrelid
Anakinra,anakinra
Anastrozol,anastrozol
Antazolina,chlorowodorek antazoliny
Antazolina,mezylan antazoliny
Antazolina,siarczan antazoliny
Apiksaban,apiksaban
Apomorfina,apomorfina
Apraklonidyna,apraklonidyna
Apraklonidyna,chlorowodorek apraklonidyny
Apremilast,apremilast
Aprepitant,aprepitant
Aprotynina,aprotynina
Artykaina,artykaina
Artykaina,chlorowodorek artykainy
Arypiprazol,aripiprazol
Arypiprazol,arypiprazol
Asenapina,asenapina
Asfotaza,asfotaza alfa
Asparaginaza,asparaginaza
Ataluren,ataluren
Atazanawir,atazanawir
Atazanawir,siarczan atazanawiru
Atenolol,atenolol
Atomoksetyna,atomoksetyna
Atorwastatyna,atorwastatyna
Atropina,atropina
Atropina,L-atropina
Atropina,siarczan atropiny
Awanafil,awanafil
Azacytydyna,azacytydyna
Azatiopryna,azatiopryna
Azelastyna,azelastyna
Azelastyna,chlorowodorek azelastyny
Aztreonam,aztreonam
Azylsartan,medoksomilu azylsartanu
Azytromycyna,azytromycyna
Azytromycyna,dwuwodna azytromycyna
Bacytracyna,bacytracyna
Bacytracyna,bacytracyna cynkowa
Baklofen,baklofen
Baricytynib,Baricytynib jest stosowany w leczeniu umiarkowanych i ciężkich postaci reumatoidalnego zapalenia stawów
Baricytynib,"gdy terapia lekami modyfikującymi przebieg choroby jest nieskuteczna lub niemożliwa do zastosowania u danego pacjenta. Lek może być stosowany w tym wskazaniu w monoterapii lub w połączeniu z metotreksatem.
Baricytynib jest również stosowany w leczeniu atopowego zapalenia skóry o nasileniu umiarkowanym do ciężkiego"
Baricytynib,gdy osoba dorosła wymaga wprowadzenia terapii ogólnoustrojowej.
Bazedoksyfen,bazedoksyfen
Bazyliksymab,bazyliksymab
Bedakilina,bedakilina
Beklometazon,beklometazon
Beklometazon,dipropionian beklometazonu
Beksaroten,beksaroten
Belimumab,belimumab
Bemiparyna,bemiparyna sodowa
Benazepryl,chlorowodorek benazeprilu
Bencyklan,bencyklan
Bendamustyna,bendamustyna
Bendamustyna,chlorowodorek bendamustyny
Benfotiamina,benfotiamina
Benzalkoniowy,benzalkoniowy chlorek
Benzokaina,Benzokaina
Benzylopenicylina,benzylopenicylina benzatynowa
Benzylopenicylina,benzylopenicylina potasowa
Benzylopenicylina,benzylopenicylina prokainowa
Beraktant,beraktant
Beta-karoten,beta-karoten
Betahistyna,betahistyna
Betahistyna,dichlorowodorek betahistyny
Betaina,betaina
Betaina,betaina bezwodna
Betaksolol,betaksolol
Betaksolol,chlorowodorek betaksololu
Betametazon,betametazon
Betametazon,dipropionian betametazonu
Betametazon,sól sodowa fosforanu betametazonu
Betametazon,walerianian betametazonu
Bewacyzumab,bewacyzumab
Bezylezomab,bezylezomab
Białko,białko ludzkie c
Bifonazol,bifonazol
Bikalutamid,bikalutamid
Biktegrawir,biktegrawir
Bilastyna,bilastyna
Bimatoprost,bimatoprost
Biotyna,biotyna
Biperyden,chlorowodorek biperydenu
Bisakodyl,bisakodyl
Bisoprolol,bisoprolol
Bisoprolol,fumaran bisoprololu
biwalirudyna,Biwalirudyna
Bleomycyna,bleomycyna
Blinatumomab,blinatumomab  
Boceprewir,boceprewir
Bortezomib,bortezomib
Bosentan,bosentan
Bosutinib,bosutinib
Brentuksymabu,brentuksymabu vedotin
Brentuksymabu,brentuksymabu wedotin
Brimonidyna,brimonidyna
Brimonidyna,winian brimonidyny
Brinzolamid,brinzolamid
Briwaracetam,briwaracetam
Bromazepam,bromazepam
Bromek,bromek ipratropiowy
Bromek,bromek ipratropium
Bromek,ipratropiowy bromek jednowodny
Bromfenak,bromfenak
Bromfenak,bromfenak sodu
Bromoheksyna,bromoheksyna
Bromoheksyna,chlorowodorek bromoheksyny
Bromokryptyna,bromokryptyna
Bromokryptyna,bromokryptyny mezylan
Brygatynib,brygatynib
Budezonid,budezonid
Bupiwakaina,bupiwakaina
Bupiwakaina,chlorowodorek bupiwakainy
Buprenorfina,buprenorfina
Buprenorfina,chlorowodorek buprenorfiny
Bupropion,bupropion
Bupropion,chlorowodorek bupropionu
Burosumab,burosumab
Buspiron,buspiron
Buspiron,chlorowodorek buspironu
Busulfan,busulfan
Butamirat,cytrynian butamiratu
Cefadroksyl,cefadroksyl
Cefaklor,cefaklor
Cefaleksyna,cefaleksyna
Cefamandol,cefamandol
Cefazolina,cefazolina
Cefazolina,cefazolina sodowa
Cefepim,dichlorowodorek cefepimu
Cefiksym,cefiksym
Cefoperazon,cefoperazon
Cefotaksym,cefotaksym
Ceftazydym,ceftazydym
Ceftazydym,ceftazydym pięciowodny
Ceftolozan,ceftolozan
Ceftriakson,ceftriakson
Ceftriakson,ceftriakson sodowy
Ceftybuten,ceftybuten
Cefuroksym,aksetyl cefuroksymu
Cefuroksym,cefuroksym
Celekoksyb,celekoksyb
Celiprolol,celiprolol
Celiprolol,chlorowodorek celiprololu
Cerebrolizyna,cerebrolizyna
Certolizumab,certolizumab pegol
Cerytynib,cerytynib
Cetuksymab,cetuksymab
Cetyryzyna,cetyryzyna
Cetyryzyna,dichlorowodorek cetyryzyny
Chinagolid,chinagolid
Chinapryl,chinapryl
Chlorambucyl,chlorambucil
Chlorambucyl,chlorambucyl
Chlorek,chlorek benzoksoniowy
Chlorek,chlorek cetylopirydyniowy
Chlorek,chlorek magnezu
Chlorek,chlorek magnezu sześciowodny
Chlorek,chlorek potasu
Chlorek,chlorek sodu
Chlorek,Wskazaniem do stosowania leku w postaci iniekcji są niedobory wapnia
Chlorek,wymagające uzupełnienia
Chlorek,najczęściej niezwłocznego.
Chlorheksydyna,chlorheksydyna
Chlorheksydyna,chlorowodorek chlorheksydyny
Chlorheksydyna,dichlorowodorek chlorheksydyny
Chlorheksydyna,diglukonian chlorheksydyny
Chlorheksydyna,glukonian chlorheksydyny
Chlormadinon,chlormadinon
Chlormadinon,octan chlormadinonu
Chlorochina,fosforan chlorochiny
Chlorochinaldol,chlorchinaldol
Chlorodiazepoksyd,chlorodiazepoksyd
Chloroprokaina,chlorowodorek chloroprokainy
Chlorotalidon,chlorotalidon
Chlorpromazyna,chlorowodorek chloropromazyny
Chlorprotiksen,chlorowodorek chlorprotiksenu
Chlorprotiksen,chlorprotiksen
Chondroityna,siarczan chondroityny
Choriogonadotropina,choriogonadotropina alfa
Cilazapryl,cilazapryl
Cilostazol,cilostazol
Ciprofibrat,ciprofibrat
Ciprofloksacyna,ciprofloksacyna
Cisatrakurium,cisatrakurium
Cisplatyna,cisplatyna
Citalopram,bromowodorek citalopramu
Citalopram,citalopram
Cyklezonid,cyklezonid
Cyklofosfamid,cyklofosfamid
Cyklosporyna,cyklosporyna
Cynakalcet,chlorowodorek cynakalcetu
Cynakalcet,cynakalcet
Cynaryzyna,cynaryzyna
Cynchokaina,chlorowodorek cynchokainy
Cynchokaina,cynchokaina
Cyproheptadyna,chlorowodorek cyproheptadyny
Cyproteron,cyproteron
Cyproteron,octan cyproteronu
Cytarabina,cytarabina
Cytrynian,cytrynian magnezu
Cytrynian,Wskazania do stosowania cytrynianu potasu to:
Cytykolina,cytykolina
Cytykolina,sól sodowa cytykoliny
Cytyzyna,cytyzyna
Cyzapryd,cyzapryd
Dabigatran,dabigatran
Dabigatran,eteksylan dabigatranu
Dabrafenib,dabrafenib
Dakarbazyna,dakarbazyna
Daklataswir,daklataswir
Daklizumab,daklizumab
Dalteparyna,dalteparyna
Dalteparyna,dalteparyna sodowa
Dalteparyna,sól sodowa dalteparyny
Danazol,danazol
Dapagliflozyna,dapagliflozyna
Dapoksetyna,chlorowodorek dapoksetyny
Dapson,Dapson jest stosowany w leczeniu trądu
Dapson,dermatoz pęcherzykowych (np. pęcherzyca zwyczajna
Dapson,rodzinna pęcherzyca
Dapson,opryszczkowe zapalenie skóry
Dapson,autoimmunologiczne choroby pęcherzykowe)
Dapson,krostkowego zapalenia skóry
Dapson,"zgorzelinowego zapalenia skóry, skórnej postaci tocznia rumieniowatego"
Dapson,pokrzywki naczyniowej
Dapson,"zapalenia naczyń (związane z IgA, guzkowe, leukocytoklastyczne). Innym wskazaniem do stosowania dapsonu jest zespół Weber-Christiana"
Dapson,zespół Melkerssona-Rosenthala
Dapson,Choroba Leśniowskiego-Crohna
Dapson,"malaria, przewlekłe reumatoidalne zapalenie stawów (jako alternatywa do zwykle stosowanych leków)"
Dapson,a także zakażenie wirusem HIV (profilaktyka i leczenie zapalenia płuc lub infekcji mózgu powodowanych przez HIV). 
Daptomycyna,daptomycyna
Daratumumab,daratumumab
Darbepoetyna,darbepoetyna alfa
Darunawir,darunawir
Daryfenacyna,daryfenacyna
Dasatynib,dasatynib
Dazabuwir,dazabuwir
Decytabina,decytabina
Deferazyroks,deferasiroks
Deferazyroks,deferazyroks
Deferoksamina,deferoksamina
Deferoksamina,mezylan deferoksaminy
Deferypron,deferypron
Defibrotyd,defibrotyd
Deksametazon,deksametazon
Deksametazon,fosforan deksametazonu
Deksametazon,octan deksametazonu
Deksametazon,sól sodowa fosforanu deksametazonu
Deksbromfeniramina,maleinian deksbromfeniraminy
Deksibuprofen,deksibuprofen
Deksketoprofen,dexketoprofen
Dekslanzoprazol,dekslanzoprazol
Deksmedetomidyna,deksmedetomidyna
Deksrazoksan,chlorowodorek deksrazoksanu
Deksrazoksan,deksrazoksan
Dekstran,dekstran
Dekstran,kompleks wodorotlenku żelaza (III) z dekstranem
Dekstrometorfan,bromowodorek dekstrometorfanu
Dekstrometorfan,dekstrometorfan
Dekwalina,chlorek dekwaliniowy
Dekwalina,chlorek dekwaliny
Delamanid,delamanid
Desfluran,desfluran
Desloratadyna,desloratadyna
Desmopresyna,desmopresyna
Desmopresyna,octan desmopresyny
Detreomycyna,chloramfenikol
Detreomycyna,detreomycyna
Dezogestrel,dezogestrel
DHEA,dehydroepiandrosteron
Diazepam,diazepam
Dienogest,dienogest
Difenhydramina,difenhydramina
Difenoksylat,difenoksylat
Difenoksylat,difenoksylatu chlorowodorku
Digoksyna,digoksyna
Dihydroergokrystyna,maleinian dihydroergokrystyny
Dihydroergotamina,dihydroergotamina
Dihydroergotamina,dihydroergotaminy maleinian
Dihydroergotamina,maleinian dihydroergotaminy
Dihydrokodeina,winian dihydrokodeiny
Diklofenak,diklofenak
Diklofenak,diklofenak dietyloamoniowy
Diklofenak,diklofenak potasu
Diklofenak,sól sodowa diklofenaku
Diltiazem,diltiazemu chlorowodorek
Dimenhydrynat,dimenhydrynat
Dimetynden,dimetynden melanian
Dinoproston,dinoproston
Dinutuksymab,dinutuksymabu beta
Diosmektyt,diosmektyt
Diosmina,diosmina
Distygmina,bromek distygminy
Disulfiram,disulfiram
Dobutamina,chlorowodorek dobutaminy
Dobutamina,dobutamina
Docetaksel,docetaksel
Docetaksel,docetaksel bezwodny
Dokozanol,dokozanol
Doksazosyna,doksazosyna
Doksazosyna,metanosulfonian doksazosyny
Doksazosyna,mesylan doksazosyny
Doksepina,doksepina
Doksorubicyna,doksorubicyna
Doksorubicyna,doksorubicyny chlorowodorku
Doksycyklina,doksycyklina
Doksycyklina,hyklan doksycykliny
Doksylamina,doksylamina
Doksylamina,doksylaminy wodorobursztynianu
Dokuzynian,dokuzan sodowy
Dokuzynian,dokuzynian sodu
Dolutegrawir,dolutegrawir
Domperidon,domperidon
Donepezil,chlorowodorku donepezilu
Donepezil,donepezil
Dopamina,dopamina chlorowodorek
Dornaza,dornaza alfa
Dorzolamid,dorzolamid
Dronedaron,dronedaron
Droperydol,droperydol
Drospirenon,drospirenon
Drotaweryna,chlorowodorek drotaweryny
Dulaglutyd,dulaglutyd
Duloksetyna,duloksetyna
Duloksetyna,chlorowodorek duloksetyny
Dupilumab,dupilumab
Dutasteryd,dutasteryd
Dydrogesteron,dydrogesteron
Edoksaban,edoksaban
Edotreotyd,edotreotyd
Efawirenz,efawirenz
Efedryna,Efedryna jest nieselektywnym lekiem sympatykomimetycznym. W lecznictwie wykorzystuje się ją ze względu na działanie rozkurczające oskrzela
Efedryna,udrażniające drogi oddechowe oraz podnoszące ciśnienie. 
Ekonazol,azotan ekonazolu
Ekonazol,ekonazol
Eksemestan,eksemestan
Eksenatyd,eksenatyd
Ekulizumab,ekulizumab
Elbaswir,elbaswir
Eletryptan,eletryptan
Eliglustat,eliglustat
Elotuzumab,elotuzumab
Eltrombopag,eltrombopag
Eluksadolina,eluksadolina
Elwitegrawir,elwitegrawir
Emedastyna,emedastyna
Emedastyna,emedastyny difumaran
Empagliflozyna,empagliflozyna
Emtrycytabina,emtrycytabina
Enalapril,enalapril
Enalapril,enalapryl
Enalapril,enalaprylu maleininan (enalaprili maleas)
Enkorafenib,Enkorafenib stosowany jest w terapii skojarzonej z binimetynibem nieoperacyjnego lub przerzutowego czerniaka skóry w obecności mutacji BRAF V600. Enkorafenib może być również stosowany w leczeniu pacjentów z przerzutowym rakiem jelita grubego z mutacją BRAF V600
Enkorafenib,"po uprzednio prowadzonej terapii systemowej, w skojarzeniu z cetuksymabem."
Enoksaparyna,enoksaparyna
Enoksaparyna,enoksaparyna sodowa
Entakapon,entakapon
Entekawir,entekawir
Enzalutamid,enzalutamid
Epirubicyna,epirubicyna
Eplerenon,eplerenon
Epoetyna,epoetyna alfa
Epoetyna,epoetyna teta
Epoetyna,epoetyna zeta
Epoprostenol,epoprostenol
Eprosartan,eprosartan
Eptyfibatyd,eptyfibatyd
Erdosteina,erdosteina
Erenumab,erenumab
Ergotamina,ergotamina
Ergotamina,winian ergotaminy
Erlotynib,erlotynib
Ertapenem,ertapenem
Erybulina,eribulina
Erybulina,erybulina
Erytromycyna,cykliczny węglan erytromycyny
Erytromycyna,erytromycyna
Escitalopram,escitalopram
Escyna,escyna
Eslikarbazepina,eslikarbazepina
Eslikarbazepina,octan eslikarbazepiny
Esmolol,esmolol
Esmolol,esmololu chlorowodorek
Esomeprazol,esomeprazol
Estazolam,estazolam
Estradiol,estradiol
Estradiol,estradiol półwodny
Estradiol,waleinian estradiolu
Estriol,estriol
Estry,estry etylowe kwasów omega-3
Etambutol,etambutol
Etambutol,etambutolu chlorowodorek
Etamsylat,etamsylat
Etanercept,etanercept
Etelkalcetyd,etelkalcetyd
Etomidat,etomidat
Etonogestrel,etonogestrel
Etopozyd,etopozyd
Etorykoksyb,etorykoksyb
Etosuksymid,etosuksymid
Etrawiryna,etrawiryna
Etylefryna,etylefryny chlorowodorek
Etynyloestradiol,etynyloestradiol
Ewerolimus,ewerolimus
Ewolokumab,ewolokumab
Ezetimib,ezetimib
Famotydyna,famotydyna
Famprydyna,famprydyna
Febuksostat,febuksostat
Feksofenadyna,feksofenadyna
Feksofenadyna,feksofenadyny chlorowodorek
Felodypina,felodypina
Fenobarbital,fenobarbital
Fenobarbital,fenobarbital sodu
Fenofibrat,fenofibrat
Fenoksymetylopenicylina,fenoksymetylopenicylina benzatynowa
Fenoksymetylopenicylina,fenoksymetylopenicylina potasowa
Fenoterol,bromowodorek fenoterolu
Fenoterol,fenoterol
Fenspiryd,chlorowodorek fenspirydu
Fenspiryd,fenspiryd
Fentanyl,fentanyl
Fentanyl,cytrynian fentanylu
Fentikonazol,azotan fentikonazolu
Fentikonazol,fentikonazol
Fenylefryna,chlorowodorek fenylefryny
Fenylefryna,fenylefryna
Fenylobutazon,fenylobutazon
Fenylomaślan,fenylomaślan glicerolu
Fenylomaślanu,fenylomaślanu sodu
Fenytoina,fenytoina
Fenytoina,sól sodowa fenytoiny
Fezoterodyna,fezoterodyna
Fidaksomycyna,fidaksomycyna
Filgrastym,filgrastym
Finasteryd,finasteryd
Fingolimod,fingolimod
Fizostygmina,Wskazaniem do stosowania fizostygminy jest jaskra oraz leczenie ciężkiej toksyczności antycholinergicznej
Fizostygmina,w celu odwrócenia wpływu substancji czynnej na ośrodkowy układ nerwowy.
Florbetapir,florbetapir (18f)
Flucytozyna,flucytozyna
Fludarabina,fludarabiny fosforan
Fludeoksyglukoza,fludeoksyglukoza (18f)
Fludrokortyzon,fludrokortyzon
Fludrokortyzon,octan fludrokortyzonu
Flukonazol,flukonazol
Flumazenil,flumazenil
Flumetazon,flumetazon
Flumetazon,piwalan flumetazonu
Flunaryzyna,flunaryzyna
Flunitrazepam,Flunitrazepam jest stosowany w krótkotrwałym leczeniu bezsenności  celem ułatwienia zasypiania
Flunitrazepam,wydłużenia czasu trwania snu i zmniejszenia liczby nocnych przebudzeń
Flunitrazepam,a także w premedykacji celem zniesienie bólu
Flunitrazepam,lęku i ułatwienie wprowadzenia znieczulenia.
Fluocynolon,acetonid fluocynolonu
Fluocynolon,fluocynolon
Fluoksetyna,fluoksetyna
Fluoresceina,fluoresceina
Fluorocholina,fluorocholina (18F)
Fluorometolon,fluorometolon
Fluorometolon,octan fluorometolonu
Fluorouracyl,fluorouracyl
Flupentiksol,flupentiksol
Flupentiksol,flupentyksol
Flupirtyna,flupirtyna
Flupirtyna,maleinian flupirtyny
Flurbiprofen,flurbiprofen
Flutamid,flutamid
Flutikazon,flutikazon
Flutikazon,furoinian flutykazonu
Flutikazon,propionian flutykazonu
Fluwastatyna,fluwastatyna sodowa
Fluwoksamina,fluwoksamina
Fluwoksamina,maleinian fluwoksaminy
Folinian,folinian wapnia
Folitropina,folitropina alfa
Folitropina,folitropina beta
Fondaparynuks,fondaparynuks
Fondaparynuks,fondaparynuks sodowy
Formoterol,formoterol
Formoterol,fumaran formoterolu
Formoterol,fumaran formoterolu dwuwodny
Fosamprenawir,fosamprenawir
Fosaprepitant,fosaprepitant
Fosfokreatyna,sól sodowa fosfokreatyny
Fosfomycyna,fosfomycyna
Fosforan,fosforan glinu
Fotemustyna,fotemustyna
Fozynopryl,fozynopryl
Framycetyna,framycetyna
Framycetyna,siarczan framycetyny
Frowatryptan,frowatryptan
Fulwestrant,fulwestrant
Fumaran,fumaran dimetylu
Furagina,furagina
Furagina,furazydyna
Furosemid,furosemid
Gabapentyna,gabapentyna
Gadodiamid,gadodiamid
Gadoksetynian,disodu gadoksetynian
Gadoteridol,gadoteridol
Gadowersetamid,gadowersetamid
Galantamina,bromowodorek galantaminy
Galantamina,galantamina
Galkanezumab,Wskazaniem do stosowania galkanezumabu jest profilaktyka napadów migreny u osób dorosłych
Galkanezumab,u których migrenowe bóle głowy występują co najmniej 4 dni w miesiącu. Substancja znalazła również zastosowanie w leczeniu klasterowych bólów głowy u osób dorosłych.
Gancyklowir,gancyklowir
Gefitynib,gefitynib
Gemcytabina,gemcytabina
Gencjana,fiolet gencjanowy
Gentamycyna,gentamycyna
Gentamycyna,siarczan gentamycyny
Gestoden,gestoden
Glatiramer,glatiramer
Glatiramer,octan glatirameru
Glibenklamid,Glibenklamid jest stosowany w celu obniżenia stężenia glukozy we krwi u pacjentów ze względnym niedoborem insuliny (cukrzyca typu II). Celem terapii jest również zapobieganie rozwojowi późnych powikłań narządowych cukrzycy
Glibenklamid,takich jak miażdżyca tętnic
Glibenklamid,neuropatia (choroba nerwów obwodowych)
Glibenklamid,nefropatia (przewlekła choroba nerek)
Glibenklamid,retinopatia (uszkodzenie naczyń krwionośnych w siatkówce oka). Utrzymanie homeostazy stężenia glukozy we krwi musi być wspomagane przez odpowiednią dietę i aktywność fizyczną. Lek może być stosowany w leczeniu cukrzycy noworodkowej
Glibenklamid,gdy dziecko ma częściowo zachowaną zdolność wytwarzania insuliny.
Glicerofosforan,glicerofosforan sodu
Gliklazyd,gliklazyd
Glikopironium,bromek glikopironium
Glikwidon,glikwidon
Glimepiryd,glimepiryd
Glipizyd,glipizyd
Glukagon,chlorowodorek glukagonu
Glukonian,glukonian cynku
Glukonian,glukonian wapnia
Glukonian,glukonian żelaza
Glukonolaktobionian,Glukonolaktobionian wapnia jest stosowany w zapobieganiu i uzupełnieniu niedoborów wapnia. Zwiększone zapotrzebowanie na wapń towarzyszy m.in. ciąży
Glukonolaktobionian,laktacji
Glukonolaktobionian,osteoporozie
Glukonolaktobionian,krzywicy
Glukonolaktobionian,złamaniom kości
Glukonolaktobionian,demineralizacji kości
Glukonolaktobionian,intensywnemu wzrostowi. Glukonolaktobionian wapnia jest także stosowany pomocniczo w objawach alergii i infekcji górnych dróg oddechowych.
Glukozamina,chlorowodorek glukozaminy
Glukozamina,glukozamina
Glukozamina,siarczan glukozaminy
Golimumab,golimumab
Gonadotropina,choriogonadotropina alfa
Gonadotropina,gonadotropina łożyskowa
Goserelina,goserelina
Goserelina,octan gosereliny
Granisetron,granisetron
Grazoprewir,grazoprewir
Guanfacyna,guanfacyna
Gwajafenezyna,gwajafenezyna
Haloperidol,dekanian haloperydolu
Haloperidol,haloperydol
Heksafluorek,heksafluorek siarki
Hemina,hemina ludzka
Heparyna,heparyna
Heparyna,heparyna sodowa
Heparyna,sól sodowa heparyny
Hialuronian,hialuronian sodu
Histamina,chlorowodorek histaminy
Hydrochlorotiazyd,hydrochlorotiazyd
Hydrokortyzon,hydrokortyzon
Hydrokortyzon,maślan hydrokortyzonu
Hydrokortyzon,octan hydrokortyzonu
Hydrokortyzon,winian dihydrokodeiny
Hydroksychlorochina,siarczan hydroksychlorochiny
Hydroksychlorochina,hydroksychlorochina
Hydroksykarbamid,hydroksykarbamid
Hydroksymaślanu,hydroksymaślanu sodu
Hydroksyzyna,chlorowodorek hydroksyzyny
Hydroksyzyna,hydroksyzyna
Hymekromon,hymekron
Ibrutynib,ibrutinib
Ibrytumomab,ibrytumomab
Ibrytumomab,tiuksetan ibrytumomabu
Ibuprofen,ibuprofen
Ibuprofen,ibuprofen z lizyną
Ichtiol,ichtiol
Ichtiol,sulfobituminian amonowy
Idarubicyna,chlorowodorek idarubicyny
Idarubicyna,idarubicyna
Idarucyzumab,idarucyzumab
Idebenon,idebenon
Idelalizyb,idelalizyb
Ifosfamid,ifosfamid
Ikatybant,ikatybant
Iksazomib,cytrynian iksazomibu
Iksazomib,iksazomib
Iloprost,iloprost
Iloprost,trometamol iloprostu
Imatynib,imatynib
Imidapryl,chlorowodorek imidaprylu
Imikwimod,imikwimod
Imipenem,imipenem
Immunoglobulina,immunoglobulina anty-t limfocytarna pochodzenia zwierzęcego stosowana u ludzi
Immunoglobulina,immunoglobulina ludzka anty-d
Immunoglobulina,immunoglobulina ludzka g (zmodyfikowana)
Immunoglobulina,immunoglobulina ludzka normalna
Immunoglobulina,immunoglobulina ludzka przeciw wirusowemu zapaleniu wątroby typu b
Immunoglobulina,immunoglobulina ludzka przeciwtężcowa
Indakaterol,indakaterol
Indakaterol,maleinian indakaterolu
Indapamid,indapamid
Indometacyna,indometacyna
Indynawir,indynawir
Infliksymab,infliksymab
Inotuzumab,Inotuzumab ozogamycyny jest lekiem o działaniu przeciwnowotworowym. Jest wskazany do leczenia ostrej białaczki limfoblastycznej (nawrotowej lub opornej)
Inotuzumab,"wywodzącej się z komórek prekursorowych limfocytów B,  u dorosłych pacjentów"
Inotuzumab,u których inne terapie nie przynosiły odpowiednich efektów leczniczych.
Inozyny,pranobeks inozyny
Insulina,insulina aspart
Insulina,insulina degludec
Insulina,insulina detemir
Insulina,insulina glargine
Insulina,insulina glulizynowa
Insulina,insulina izofanowa
Insulina,insulina lispro
Insulina,insulina neutralna
Interferon,interferon alfa-2a
Interferon,peginterferon alfa-2a
Interferon,interferon alfa-2b
Interferon,interferon beta-1b
Ipilimumab,ipilimumab
Irbesartan,irbesartan
Irynotekan,chlorowodorek irynotekanu
Irynotekan,chlorowodorek irynotekanu trójwodny
Irynotekan,irynotekan
Isradypina,isradypina
Itrakonazol,itrakonazol
Iwabradyna,iwabradyna
Iwakaftor,iwakaftor
Izawukonazol,izawukonazol
Izawukonazol,siarczan izawukonazonium
Izofluran,Izofluran jest ogólnym środkiem znieczulającym wziewnym stosowanym do indukcji i podtrzymania znieczulenia ogólnego.
Izomaltozyd,izomaltozyd 1000 żelaza (III)
Izoniazyd,izoniazyd
Izotretynoina,izotretinoina
Izowalerianian,izowalerianian mentylu
Jod,jod
Jod,jod z poliwinylopirolidonem
Jod,jodek potasu
Jod,jodek sodu
Jod,jodopowidon
Jodek,jodek sodu (131I)
Jodiksanol,jodiksanol
Jodopowidon,jodopowidon
Joflupan,Związek wykorzystywany jest do diagnostyki obrazowej
Joflupan,wykrywającej nieprawidłowości w liczbie funkcjonalnych zakończeń neuronów dopaminergicznych prążkowia. Diagnostykę z wykorzystaniem joflupanu przeprowadza się u pacjentów z niejasnymi zaburzeniami parkinsonowskimi. Badanie nie pozwala na różnicowanie między chorobą Parkinsona
Joflupan,a zanikiem wieloukładowym oraz postępującym porażeniem nadjądrowym.
Joheksol,joheksol
Jomeprol,jomeprol
Jopromid,jopromid
Jowersol,jowersol
Kabazytaksel,kabazytaksel
Kabergolina,kabergolina
Kabozantynib,kabozantynib
Kalcyfediol,kalcyfediol
Kalcypotriol,kalcypotriol
Kalcytonina,kalcytonina
Kalcytonina,kalcytonina łososiowa
Kanagliflozyna,kanagliflozyna
Kanakinumab,kanakinumab
Kandesartan,cyleksetyl kandesartanu
Kandesartan,kandesartan
Kangrelor,kangrelor
Kanrenoinian,kanrenoinian potasu
Kapecytabina,kapecytabina
Kaplacyzumab,kaplacyzumab
Kapsaicyna,kapsaicyna
Kaptopril,kaptopril
Kaptopril,kaptopryl
Karbachol,karbachol
Karbamazepina,karbamazepina
Karbetocyna,karbetocyna
Karbidopa,karbidopa
Karbocysteina,karbocysteina
Karboksymaltoza,karboksymaltoza żelazowa
Karbomer,karbomer
Karboplatyna,karboplatyna
Karfilzomib,karfilzomib
Karmustyna,karmustyna
Karteolol,chlorowodorek karteololu
Karteolol,karteolol
Karwedilol,karwedilol
Kaspofungina,kaspofungina
Kaspofungina,octan kaspofunginy
Ketamina,ketamina
Ketokonazol,ketokonazol
Ketoprofen,ketoprofen
Ketorolak,ketorolak
Ketotifen,ketotifen
Kladrybina,kladrybina
Klarytromycyna,klarytromycyna
Klarytromycyna,cytrynian klarytromycyny
Klarytromycyna,laktobionian klarytromycyny
Klemastyna,klemastyna
Klindamycyna,fosforan klindamycyny
Klindamycyna,klindamycyna
Klindamycyna,chlorowodorek klindamycyny
Klobazam,klobazam
Klobetazol,klobetazol
Klobetazol,propionian klobetazolu
Klodronian,klodronian
Klodronian,klodronian disodowy
Klofarabina,klofarabina
Kloksacylina,kloksacylina
Klometiazol,klometiazol
Klomipramina,klomipramina
Klonazepam,klonazepam
Klonidyna,chlorowodorek klonidyny
Klonidyna,klonidyna
Klopamid,klopamid
Klopidogrel,klopidogrel
Klorazepat,klorazepat
Klorazepat,klorazepat dipotasowy
Klotrimazol,klotrimazol
Klozapina,klozapina
Kobicystat,kobicystat
Kobimetynib,kobimetynib
Kodeina,fosforan kodeiny
Kodeina,fosforan kodeiny półwodny
Kodeina,kodeina
kolagenaza,Klostridiopeptydaza
Kolchicyna,kolchicyna
Kolesewelam,kolesewelam
Kolistyna,kolistymetat sodowy
Kolistyna,Kolistyna
Kompleks,kompleks osseinowo-hydroksyapatytowy
Kompleks,kompleks wodorotlenku żelaza (III) z dekstranem
Kompleks,kompleks wodorotlenku żelaza (III) z sacharozą
Kompleks,kompleks wodorotlenku żelaza z polimaltozą
Konestat,konestat alfa
Kotrimoksazol,sulfametoksazol
Kotrimoksazol,trimetoprim
Kryzantaspaza,kryzantaspaza
Kryzotynib,kryzotynib
Ksylometazolina,chlorowodorek ksylometazoliny
Ksylometazolina,ksylometazolina
Kwas,chlorowodorek kwasu 5-aminolewulinowego
Kwas,kwas 5-aminolewulinowy
Kwas,kwas acetylosalicylowy
Kwas,sól sodowa kwasu borowego
Kwas,kwas borowy
Kwas,kwas chenodeoksycholowy
Kwas,kwas cholowy
Kwas,kwas foliowy
Kwas,kwas gadoterynowy
Kwas,kwas ibandronowy
Kwas,kwas kargluminowy
Kwas,kwas mefenamowy
Kwas,kwas mykofenolowy
Kwas,mykofenolan mofetylu
Kwas,mykofenolan sodu
Kwas,kwas obetycholowy
Kwas,kwas p-aminosalicylowy
Kwas,kwas pamidronowy
Kwas,kwas pipemidynowy
Kwas,kwas tioktynowy
Kwas,kwas tolfenamowy
Kwas,kwas traneksamowy
Kwas,kwas ursodeoksycholowy
Kwas,kwas walproinowy
Kwas,walproinian magnezu
Kwas,walproinian sodu
Kwas,kwas zoledronowy
Kwetiapina,kwetiapina
Lacydypina,lacydypina
Lakozamid,lakozamid
Laktobionian,Laktobionian wapnia jest stosowany w zapobieganiu i uzupełnieniu niedoborów wapnia. Zwiększone zapotrzebowanie na wapń towarzyszy m.in. ciąży
Laktobionian,laktacji
Laktobionian,osteoporozie
Laktobionian,krzywicy
Laktobionian,złamaniom kości
Laktobionian,demineralizacji kości
Laktobionian,intensywnemu wzrostowi. Laktobionian wapnia jest także stosowany pomocniczo w objawach alergii i infekcji górnych dróg oddechowych.
Laktoglukonian,Laktoglukonian wapnia jest stosowany w zapobieganiu i uzupełnieniu niedoborów wapnia. Zwiększone zapotrzebowanie na wapń towarzyszy m.in. ciąży
Laktoglukonian,laktacji
Laktoglukonian,osteoporozie
Laktoglukonian,krzywicy
Laktoglukonian,złamaniom kości
Laktoglukonian,demineralizacji kości
Laktoglukonian,intensywnemu wzrostowi
Laktoglukonian,nadużywaniu alkoholu
Laktoglukonian,uzależnieniu od tytoniu oraz w okresie rekonwalescencji po długotrwałym unieruchomieniu.
Laktuloza,laktuloza
Lamiwudyna,lamiwudyna
Lamotrygina,lamotrygina
Lanreotyd,lanreotyd
Lansoprazol,lansoprazol
Lantan,Lantan wiąże fosforany w przewodzie pokarmowym i ograniczania ich wchłanianie przez ścianę jelit
Lantan,dzięki czemu obniża stężenie fosforanów we krwi. 
Lapatynib,lapatynib
Laronidaza,laronidaza
Latanoprost,latanoprost
Lauromakrogol,lauromakrogol 400
Ledipaswir,ledipaswir
Leflunomid,leflunomid
Lenalidomid,lenalidomid
Lerkanidypina,chlorowodorek lerkanidypiny
Lerkanidypina,lerkanidypina
Letrozol,letrozol
Leuprorelina,leuprorelina
Leuprorelina,octan leuproreliny
Lewetiracetam,lewetiracetam
Lewetiracetam,lewetyracetam
Lewocetyryzyna,dichlorowodorek lewocetyryzyny
Lewodopa,lewodopa
Lewofloksacyna,lewofloksacyna
Lewofloksacyna,lewofloksacyna półwodna
Lewokabastyna,Lewokabastyna jest stosowana miejscowo do leczenia alergicznego zapalenia błony śluzowej nosa i/lub alergicznego zapalenia spojówek.
Lewomepromazyna,lewomepromazyna
Lewometadon,chlorowodorek lewometadonu
Lewonorgestrel,lewonorgestrel
Lewotyroksyna,lewotyroksyna
Lewotyroksyna,sól sodowa lewotyroksyny
Lewozymendan,lewosimendan
Lezynurad,lezynurad
Lidokaina,chlorowodorek lidokainy
Liksysenatyd,liksysenatyd
Limecyklina,limecyklina
Linagliptyna,linagliptyna
Linaklotyd,linaklotyd
Linestrenol,linestrenol
Linezolid,linezolid
Linkomycyna,linkomycyna
Lipegfilgrastym,lipegfilgrastym
Liraglutyd,liraglutyd
Lizynopryl,lizynopryl
Loksapina,loksapina
Lomitapid,lomitapid
Lomitapid,mezylan lomitapidu
Loperamid,chlorowodorek loperamidu
Loperamid,loperamid
Lopinawir,lopinawir
Loratadyna,loratadyna
Lorazepam,lorazepam
Lormetazepam,lormetazepam
Lornoksykam,lornoksykam
Losartan,losartan
Losartan,losartan potasu
Loteprednol,etabonian loteprednolu
Lowastatyna,lowastatyna
Ludzki,Ludzki Czynnik Krzepnięcia VIII
Ludzki,Ludzki Czynnik Krzepnięcia X
Ludzki,Ludzki Czynnik Krzepnięcia XIII
Lumakaftor,lumakaftor
Lurazydon,lurazydon
Macitentan,macitentan
Makrogol,makrogol
Makrogol,makrogol 4000
Maltol,Maltol żelaza jest stosowany w leczeniu anemii z niedoboru żelaza u pacjentów ze współistniejącą chorobą zapalną jelit.
Mannitol,mannitol
Maprotylina,chlorowodorek maprotyliny
Maprotylina,maprotylina
Marawirok,marawirok
Mebendazol,mebendazol
Mebeweryna,mebeweryna
Mebeweryna,mebeweryny chlorowodorek
Medazepam,medazepam
Medroksyprogesteron,medroksyprogesteron
Medroksyprogesteron,octan medroksyprogesteronu
Megestrol,megestrol
Megestrol,octan megestrolu
Mekasermina,mekasermina
Melatonina,melatonina
Melfalan,melfalan
Meloksykam,meloksykam
Memantyna,chlorowodorek memantyny
Memantyna,memantyna
Menotropina,menotropina
Mentol,mentol
Mepiwakaina,chlorowodorek mepiwakainy
Mepiwakaina,mepiwakaina
Mepyramina,mepyramina
Mepyramina,mepyraminy maleinian
Merkaptamina,dwuwinian merkaptaminy
Merkaptamina,merkaptamina
Merkaptopuryna,merkaptopuryna
Meropenem,meropenem
Mesalazyna,mesalazyna
Mesna,mesna
Mesna,2-merkaptoetanosulfonianu sodu
Metadon,chlorowodorek metadonu
Metadon,lewometadon
Metadon,metadon
Metamizol,metamizol magnezowy
Metamizol,metamizol sodowy
Metformina,chlorowodorek metforminy
Metformina,metformina
Metipranolol,Metipranolol stosowany jest w schorzeniach okulistycznych takich jak: zwiększone ciśnienie wewnątrzgałkowe
Metipranolol,jaskra pierwotna otwartego kąta przesączana
Metipranolol,jaskra w bezsoczewkowości
Metipranolol,jaskra błony torebki
Metipranolol,jaskra barwnikowa
Metipranolol,jaskra młodzieńcza
Metipranolol,jaskra krwotoczna. 
Metokarbamol,metokarbamol
Metoklopramid,metoklopramidu chlorowodorek
Metoksalen,metoksalen
Metoprolol,bursztynian metoprololu
Metoprolol,metoprolol
Metoprolol,winian metoprololu
Metotreksat,metotreksat
Metronidazol,metronidazol
Metyldopa,metyldopa
Metylodigoksyna,metylodigoksyna
Metylofenidat,metylofenidat
Metylofenidat,metylofenidatu chlorowodorek
Metyloprednizolon,metyloprednizolon
Metyrapon,metyrapon
Mianseryna,chlorowodrek mianseryny
Mianseryna,mianseryna
Midazolam,midazolam
Midodryna,midodryny chlorowodorek
Mifamurtyd,mifamurtyd
Migalastat,migalastat
Miglustat,miglustat
Mikonazol,azotan mikonazolu
Mikonazol,mikonazol
Milnacypran,milnacypran
Milnacypran,milnacypranu chlorowodorek
Milrinon,milrinon
Milrinon,mleczan milrinonu
Minoksydyl,minoksydyl
Mirabegron,mirabegron
Mirtazapina,mirtazapina
Mitoksantron,mitoksantron
Mitomycyna,mitomycyna
Mitotan,mitotan
Miwakurium,chlorek miwakurium
Miwakurium,miwakurium
Mizoprostol,mizoprostol
Mleczan,mleczan magnezu
Mleczan,węglan wapnia
Moklobemid,moklobemid
Moksonidyna,moksonidyna
Moksyfloksacyna,chlorowodorek moksyfloksacyny
Moksyfloksacyna,moksyfloksacyna
Molsidomina,molsidomina
Mometazon,furoinian mometazonu
Mometazon,mometazon
Monoazotan,monoazotan izosorbidu
Monobenzon,eter monobenzylowy hydrochinonu
Monobenzon,monobenzon
Montelukast,montelukast
Morfina,chlorowodorek morfiny
Morfina,siarczan morfiny
Mykafungina,sól sodowa mykafunginy
Nabumeton,nabumeton
Nadroparyna,nadroparyna wapniowa
Nadtlenek,nadtlenek benzoilu
Nafazolina,nafazolina
Nafazolina,nafazoliny azotan
Nalbufina,chlorowodorek nalbufiny
Nalbufina,nalbufina
Nalmefen,nalmefenu chlorowodorek dwuwodny
Naloksegol,naloksegol
Nalokson,chlorowodorek naloksonu
Nalokson,nalokson
Naltrekson,chlorowodorek naltreksonu
Nandrolon,dekanian nandrolonu
Nandrolon,nandrolon
Naproksen,naproksen
Naproksen,sól sodowa naproksenu
Naratryptan,naratryptan
Natalizumab,natalizumab
Natamycyna,natamycyna
Nateglinid,nateglinid
Nebiwolol,nebiwolol
Nefopam,chlorowodorek nefopamu
Nelarabina,nelarabina
Neomycyna,neomycyna
Neomycyna,siarczan neomycyny
Neostygmina,metylosiarczan neostrygminy
Neostygmina,neostygmina
Netupitant,netupitant
Neurotoksyna,neurotoksyna clostridium botulinum typu a (150 kd)
Newirapina,newirapina
Nicergolina,nicergolina
Nifuratel,nifuratel
Nifuroksazyd,nifuroksazyd
Nikotyna,nikotyna
Nikotynylometyloamid,nikotynylometyloamid
Nilotynib,nilotynib
Nimesulid,nimesulid
Nimodypina,nimodypina
Nintedanib,nintedanib
Nitrazepam,nitrazepam
Nitrendypina,nitrendypina
Nitrofural,nitrofural
Nitrogliceryna,triazotan glicerolu
Nitroksolina,nitroksolina
Nityzynon,nityzynon
Niwolumab,niwolumab
Nomegestrol,nomegestrol
Nomegestrol,octan nomegestrolu
Nonoksynol-9,nonoksynol
Noradrenalina,noradrenalina
Noradrenalina,norepinefryna
Noradrenalina,winian noradrenaliny
Norelgestromin,norelgestromin
Noretysteron,octan noretysteronu
Norfloksacyna,norfloksacyna
Norgestimat,norgestimat
Obinutuzumab,obinutuzumab
Octan,octan cynku
Octan,octan wapnia
Ofatumumab,ofatumumab
Ofloksacyna,ofloksacyna
Okryplazmina,okryplazmina
Oksaliplatyna,oksaliplatyna
Oksazepam,oksazepam
Okskarbazepina,okskarbazepina
Oksybuprokaina,Lek ten wykorzystywany jest do miejscowego znieczulenia w okulistyce (znieczulenie spojówki i rogówki). Bywa również stosowany w otolaryngologii (znieczulenie błony śluzowej gardła
Oksybuprokaina,nosa
Oksybuprokaina,jamy ustnej). 
Oksybutynina,chlorowodorek oksybutyniny
Oksybutynina,oksybutynina
Oksykodon,chlorowodorek oksykodonu
Oksykodon,oksykodon
Oksylometazolina,oksymetazoliny chlorowodorek
Oksytetracyklina,chlorowodorek oksytetracykliny
Oksytetracyklina,oksytetracyklina
Oksytocyna,oksytocyna
Oktenidyna,oktenidyna
Oktenidyna,oktenidyny dichlorowodorek
Oktreotyd,oktreotyd
Olaflur,olaflur
Olanzapina,olanzapina
Olaparyb,olaparib
Olaparyb,olaparyb
Olmesartan,olmesartan
Olmesartan,olmesartan medoksomilu
Olodaterol,olodaterol
Olodaterol,chlorowodorek olodaterolu
Omalizumab,omalizumab
Ombitaswir,ombitaswir
Omeprazol,omeprazol
Ondansetron,chlorowodorek ondansetronu
Ondansetron,ondansetron
Opipramol,dichlorowodorek opipramolu
Opipramol,opipramol
Orlistat,orlistat
Orotonian,Orotonian cynku wskazany jest w leczeniu niedoborów cynku
Orotonian,w przypadku braku odpowiedniej ilości w diecie.
Orytawancyna,orytawancyna
Oseltamiwir,oseltamiwir
Ospemifen,ospemifen
Ozymertynib,ozymertynib
Paklitaksel,paklitaksel
Palbocyklib,palbocyklib
Paliperydon,paliperydon
Palonosetron,palonosetron
Panitumumab,panitumumab
Pankreatyna,amylazy
Pankreatyna,lipazy
Pankreatyna,proteazy
Pankreatyna,pankreatyna
Pankuronium,bromek pankuronium
Pankuronium,pankuronium
Panobinostat,panobinostat
Pantenol,dekspantenol
Pantenol,kwas pantotenowy
Pantoprazol,pantoprazol
Papaweryna,chlorowodorek papaweryny
Papaweryna,papaweryna
Paracetamol,paracetamol
Parafina,Parafina ciekła jest mieszaniną alkanów
Parafina,wytwarzaną na drodze destylacji próżniowej ropy naftowej. 
Parekoksyb,parekoksyb
Parnaparyna,parnaparyna sodowa
Paroksetyna,paroksetyna
Paroksetyna,chlorowodorek paroksetyny
Parykalcytol,parykalcytol
Pazopanib,Pazopanib stosowany jest w zaawansowanym raku nerkowokomórkowym
Pazopanib,u pacjentów
Pazopanib,u których stosowane były wcześniej cytokiny oraz w terapii pierwszego rzutu. Pazopanib znalazł zastosowanie także w leczeniu różnych podtypów zaawansowanego mięsaka tkanek miękkich. Stosowany jest u pacjentów
Pazopanib,którzy leczeni byli za pomocą chemioterapii w chorobie rozsianej lub u osób
Pazopanib,u których nastąpiło nasilenie choroby w ciągu ostatniego roku od rozpoczęcia terapii adjuwantowej oraz neoadjuwantowej w przypadku zaawansowanego mięsaka tkanek miękkich.
Pazyreotyd,pazyreotyd
Pefloksacyna,pefloksacyna
Pefloksacyna,mezylan pefloksacyny
Pegaptanib,pegaptanib
Pegaptanib,sól sodowa pegaptanibu
Pegaspargaza,pegaspargaza
Peginterferon,peginterferon alfa-2a
Peginterferon,peginterferon alfa-2b
Peginterferon,peginterferon beta-1a
Pegwisomant,pegwisomant
Pemetreksed,pemetreksed
Penicylamina,penicylamina
Pentazocyna,pentazocyna
Pentoksyfilina,pentoksyfilina
Pentozanu,Pentozanu wielosiarczan sodowy jest stosowany w leczeniu śródmiąższowego zapalenia pęcherza moczowego z występującą glomerulacją (przekrwienie) lub wrzodami Hunnera. Do objawów zespołu bolesnego pęcherza moczowego zalicza się m.in. umiarkowany/ciężki ból
Pentozanu,częstomocz i nagłe parcie na mocz.
Pepsyna,pepsyna
Peramiwir,Peramiwir jest wskazany do stosowania w leczeniu niepowikłanej  grypy u dzieci w wieku powyżej 2 lat i osób dorosłych.
Perampanel,perampanel
Perazyna,perazyna
Perflutren,perflutren
Permetryna,permetryna
Peryndopryl,peryndopryl
Peryndopryl,tozylan peryndoprylu
Petydyna,chlorowodorek petydyny
Petydyna,petydyna
Pikosiarczan,pikosiarczan sodu
Piksantron,dimaleinian piksantronu
Piksantron,piksantron
Pilokarpina,chlorowodorek pilokarpiny
Pilokarpina,pilokarpina
Pimekrolimus,pimekrolimus
Pindolol,pindolol
Pioglitazon,chlorowodorek pioglitazonu
Pioglitazon,pioglitazon
Pipekuronium,bromek pipekuronium
Piperachina,piperachina
Piperacylina,piperacylina
Piracetam,piracetam
Pirfenidon,pirfenidon
Piroksykam,piroksikam
Pirybedyl,piribedil
Pirydostygmina,bromek pirydostygminy
Pirydostygmina,pirydostygmina
Pitawastatyna,pitawastatyna
Pitolisant,pitolisant
Piwmecylinam,chlorowodorek piwmecylinamu
Piwmecylinam,piwmecylinam
Podtlenku,podtlenku azotu
Polikrezulen,polikrezulen
Pomalidomid,pomalidomid
Ponatynib,ponatynib
Pozakonazol,posakonazol
Pramipeksol,pramipeksol
Prasugrel,prasugrel
Prawastatyna,sól sodowa prawastatyny
Prednizolon,piwalan prednizolonu
Prednizolon,prednizolon
Prednizon,prednizon
Pregabalina,pregabalina
Pridinol,chlorowodorek pridinolu
Prilokaina,chlorowodorek prylokainy
Prilokaina,prylokaina
Prochlorperazyna,dimaleinian prochlorperazyny
Progesteron,progesteron
Proksymetakaina,chlorowodorek proksymetakainy
Proksymetakaina,proksymetakaina
Promazyna,chlorowodorek promazyny
Promazyna,promazyna
Prometazyna,chlorowodorek prometazyny
Prometazyna,prometazyna
Propafenon,chlorowodorek propafenonu
Propafenon,propafenon
Propofol,propofol
Propranolol,chlorowodorek propranololu
Propranolol,propranolol
Propyltiouracyl,propyltiouracyl
Prostaglandyna,prostaglandyna f2α
Protamina,protamina
Protamina,siarczan protaminy
Proteinianobursztynian,proteinianobursztynian żelaza
Prukalopryd,bursztynian prukaloprydu
Prukalopryd,prukalopryd
Prulifloksacyna,prulifloksacyna
Prymidon,prymidon
Pseudoefedryna,chlorowodorek pseudoefedryny
Pseudoefedryna,pseudoefedryna
Pseudoefedryna,siarczan pseudoefedryny
Pyrantel,pyrantel
Pyrazynamid,pyrazynamid
Rabeprazol,rabeprazol
Rabeprazol,rabeprazol sodowy
Racekadotryl,racekadotril
Racekadotryl,racekadotryl
Raloksyfen,chlorowodorek raloksyfenu
Raloksyfen,raloksyfen
Raltegrawir,raltegrawir
Ramipryl,ramipryl
Ranelinian,ranelinian strontu
Ranibizumab,ranibizumab
Ranitydyna,ranitydyna
Ranitydyna,chlorowodorek ranitydyny
Ranolazyna,ranolazyna
Rasagilina,rasagilina
Rasagilina,winian rasagiliny
Rasagilina,półwinian rasagiliny
Reboksetyna,reboksetyna
Regadenozon,regadenozon
Regorafenib,regorafenib
Remifentanyl,chlorowodorek remifentanylu
Remifentanyl,remifentanyl
Repaglinid,repaglinid
Retapamulina,retapamulina
Reteplaza,reteplaza
Retinol,octan retinolu
Retinol,palmitynian retinolu
Retinol,retinol
Retygabina,retygabina
Rezerpina,rezerpina
Riluzol,riluzol
Riociguat,riociguat
Roflumilast,roflumilast
Roksytromycyna,roksytromycyna
Rokuronium,bromek rokuronium
Rokuronium,rokuronium
Rolapitant,Rolapitant jest lekiem należącym do grupy leków o działaniu przeciwwymiotnym i przeciw nudnością. Stosuje się go w celu złagodzenia mdłości oraz wymiotów u pacjentów z chorobą nowotworową
Rolapitant,którzy zostali poddani chemioterapii.
Ropinirol,ropinirol
Ropiwakaina,chlorowodorek ropiwakainy
Rosuwastatyna,rosuwastatyna
Rotygotyna,rotygotyna
Rufinamid,rufinamid
Ruksolitynib,ruksolitynib
Rupatadyna,rupatadyna
Ruskogenina,ruskogenina
Rutyna,rutozyd
Rutyna,rutyna
Rybawiryna,rybawiryna
Rybocyklib,Rybocyklib jest lekiem przeciwnowotworowym. Stosowany jest u kobiet w leczeniu raka piersi
Rybocyklib,który rozprzestrzenił się na pobliskie tkanki - miejscowo zaawansowany lub rozprzestrzenił się na do innych tkanek organizmu - przerzutowy. Rybocyklib można zastosować tylko wtedy
Rybocyklib,gdy na powierzchni komórek nowotworowych obecne są receptory dla określonych hormonów płciowych (nowotwór HR-dodatni) oraz
Rybocyklib,gdy komórki nowotworu nie wytwarza dużej ilości receptora HER2 (nowotór HER-ujemny). Rybocklib stosuje się zawsze z skojarzeniu z lekiem hormonalnym
Rybocyklib,który ogranicza działanie estrogenu
Rybocyklib,najczęściej jest to fulwestran lub inhibitor aromatazy. Pacjentki w okresie około lub przedmenopauzalnym powinny stosować rybocyklib wraz z agonistami gonadoliberyny.
Ryfaksymina,ryfaksymina
Ryfampicyna,ryfampicyna
Rylmenidyna,rylmenidyna
Rylpiwiryna,chlorowodorek rylpiwiryny
Rylpiwiryna,rylpiwiryna
Rymantadyna,chlorowodorek rymantadyny
Rysperydon,rysperydon
Rytonawir,rytonawir
Rytuksymab,rytuksymab
Rywanol,mleczan etakrydyny
Rywaroksaban,rywaroksaban
Rywastygmina,rywastygmina
Rywastygmina,wodorowinian rywastygminy
Ryzatryptan,ryzatryptan
Ryzedronian,ryzedronian
Ryzedronian,ryzedronian sodu
Safinamid,safinamid
Saksagliptyna,saksagliptyna
Sakubitryl,sakubitryl
Sakwinawir,sakwinawir
Salbutamol,salbutamol
Salicylamid,salicylamid
Salicylan,salicylan choliny
Salicylan,salicylan metylu
Salmeterol,salmeterol
Sapropteryna,sapropteryna
Sekukinumab,Sekukinumab to przeciwciało monoklonalne znajdujące zastosowanie w leczeniu łuszczycy
Sekukinumab,łuszczycowego zapalenia stawów i zesztywniającego zapalenia kręgosłupa.
Selegilina,selegilina
Seleksypag,seleksypag
Sertindol,sertindol
Sertralina,sertralina
Sewelamer,sewelamer
Sewelamer,węglan sewelameru
Sewelamer,chlorowodorek sewelameru
Sewofluran,sewofluran
Siarczan,siarczan cynku
Siarczan,siarczan magnezu
Siarczan,Siarczan potasu jest stosowany w celu opróżnienia jelita grubego u pacjentów przygotowujących się do badania diagnostycznego lub innego zabiegu wymagającego oczyszczenia jelit.
Siarczan,siarczan żelaza
Sibutramina,sibutramina
Sibutramina,chlorowodorek sibutraminy
Sildenafil,sildenafil
Simwastatyna,simwastatyna
Sitagliptyna,sitagliptyna
Skopolamina,butylobromek hioscyny
Skopolamina,hioscyna
Sofosbuwir,sofosbuwir
Solifenacyna,bursztynian solifenacyny
Solifenacyna,solifenacyna
Somatostatyna,somatostatyna
Somatropina,somatropina
Sonidegib,sonidegib
Sorafenib,sorafenib
Sotalol,sotalol
Sól,sól sodowa sulfonowanej żywicy polistyrenowej
Sól,sól wapniowa sulfonowanej żywicy polistyrenowej
Spiramycyna,spiramycyna
Spironolakton,spironolakton
Stawudyna,stawudyna
Streptodornaza+Streptokinaza,streptodornaza
Streptodornaza+Streptokinaza,streptokinaza
Streptomycyna,streptomycyna
Styrypentol,styrypentol
Sufentanyl,cytrynian sufentanylu
Sufentanyl,sufentanyl
Sugammadeks,sugammadeks
Sukralfat,sukralfat
Suksametonium,chlorek suksametoniowy
Suksametonium,suksametonium
Sulfacetamid,sulfacetamid
Sulfacetamid,sulfacetamid sodu
Sulfasalazyna,sulfasalazyna
Sulfatiazol,sulfatiazol
Sulfatiazol,sulfatiazol srebra
Sulfatiazol,sulfatiazol srebra
Sulfogwajakol,gwajakolosulfonian potasu
Sulfogwajakol,sulfogwajakol
Sulodeksyd,sulodeksyd
Sulpiryd,sulpiryd
sultamicylina,ampicylina
sultamicylina,sultamicylina
Sumatryptan,sumatryptan
Sunitynib,sunitynib
Sylodosyna,sylodosyna
Syltuksymab,syltuksymab
Symeprewir,symeprewir
Symetykon,symetykon
Syrolimus,syrolimus
Tadalafil,tadalafil
Tafamidis,tafamidis
Takalcytol,jednowodny takalcytol
Takalcytol,takalcytol
Takrolimus,takrolimus
Talidomid,talidomid
Talimogen,talimogen laherparepwek
Tamoksyfen,tamoksifen
Tamoksyfen,tamoksyfen
Tamsulozyna,chlorowodorek tamsulozyny
Tamsulozyna,tamsulosyna
Tamsulozyna,tamsulozyna
Tanina,tanina
Tapentadol,tapentadol
Tasimelteon,tasimelteon
Tazaroten,tazaroten
Tazonermina,tazonermina
Tedizolid,fosforan tedizolidu
Tedizolid,tedizolid
Teduglutyd,teduglutyd
Tegafur,tegafur
Teikoplanina,teikoplanina
Telawancyna,telawancyna
Telbiwudyna,telbiwudyna
Telitromycyna,telitromycyna
Telmisartan,telmisartan
Temazepam,temazepam
Temoporfin,temoporfin
Temozolomid,temozolomid
Temsyrolimus,temsyrolimus
Tenofowir,dizoproksyl tenofowiru
Tenofowir,tenofowir
Teofilina,teofilina
Teofilina,teofilina bezwodna
Terazosyna,terazosyna
Terbinafina,chlorowodorek terbinafiny
Terbinafina,terbinafina
Terlipresyna,octan terlipresyny
Terlipresyna,terlipresyna
Teryflunomid,teryflunomid
Teryparatyd,teryparatyd
Testosteron,dekanian testosteronu
Testosteron,enantan testosteronu
Testosteron,fenylopropionian testosteronu
Testosteron,izoheksan testosteronu
Testosteron,propionian testosteronu
Tetraazotan,tetraazotan pentaerytrytolu
Tetrabenazyna,tetrabenazyna
Tetracyklina,chlorowodorek tetracykliny
Tetracyklina,tetracyklina
Tetrahydrokannabinol,delta-9-tetrahydrokannabinol
Tetrahydrokannabinol,tetrahydrokannabinol
Tetrazepam,W reumatologii tetrazepam stosowany jest jako terapia uzupełniająca w leczeniu przykurczów mięśniowych.
Tetryzolina,tetryzolina
Tiagabina,tiagabina
Tiamazol,tiamazol
Tianeptyna,sól sodowa tianeptyny
Tianeptyna,tianeptyna
Tiapryd,tiapryd
Tibolon,tibolon
Tietyloperazyna,tietyloperazyna
Tikagrelor,tikagrelor
Tiklopidyna,chlorowodorek tiklopidyny
Tiklopidyna,tiklopidyna
Tioguanina,tioguanina
Tiokolchikozyd,tiokolochikozyd
Tiotepa,tiotepa
Tiotropium,tiotropium
Tiotropium,bromek tiotropium
Tlen,tlen
Tlenek,tlenek azotu
Tlenek,tlenek bizmutu
Tlenek,Tlenek magnezu podaje się w celu oczyszczenia światła jelit przed wykonywaniem badań diagnostycznych
Tlenek,zabiegów chirurgicznych oraz obrazowania radiologicznego (są to leki wieloskładnikowe). Sama substancja stosowana jest także
Tlenek,w profilaktyce oraz leczeniu niedoborów magnezu.
Tobramycyna,tobramycyna
Toclizumab,tocilizumab
Tofacytynib,cytrynian tofacytynibu
Tokofersolan,tokofersolan
Toksyna,toksyna botulinowa typu a
Toksyna,antytoksyna botulinowa typu b
Tolkapon,tolkapon
Tolperyzon,chlorowodorek tolperyzonu
Tolperyzon,tolperyzon
Tolterodyna,tolterodyna
Tolterodyna,winian tolterodyny
Tolterodyna,wodorowinian tolterodyny
Tolwaptan,tolwaptan
Tonekteplaza,tonekteplaza
Topiramat,topiramat
Topotekan,topotekan
Torasemid,torasemid
Toremifen,toremifen
Trabektedyna,trabektedyna
Tramadol,chlorowodorek tramadolu
Tramadol,tramadol
Trametynib,trametynib
Trandolapryl,trandolapryl
Trastuzumab,trastuzumab
Trazodon,chlorowodorek trazodonu
Trazodon,trazodon
Treprostinil,treprostinil
Tretinoina,tretinoina
Triamcynolon,triamcinolon
Trientyna,tetrachlorowodorek trientyny
Trifaroten,Trifaroten należy do grupy retinoidów (pochodne witaminy A). Wskazania do stosowania trifarotenu to miejscowe leczenie trądziku pospolitego twarzy i tułowia w postaci zaskórników
Trifaroten,grudek i krost.
Trimebutyna,maleinian trimebutyny
Trimebutyna,trimebutyna
Trimetazydyna,dichlorowodorek trimetazydyny
Trimetazydyna,trimetazydyna
Trimetoprim,trimetoprim
Triprolidyna,chlorowodorek triprolidyny
Triprolidyna,triprolidyna
Triptorelina,triptorelina
Tropikamid,tropikamid
Trospiowy,chlorek trospium
Tygecyklina,tygecyklina
Tymolol,tymolol
Tynidazol,tynidazol
Typranawir,typranawir
Tyzanidyna,tyzanidyna
Ubidekarenon,ubidekarenon
Uliprystal,uliprystal
Umeklidynium,bromek umeklidynium
Umeklidynium,umeklidynium
Urapidyl,urapidyl
Urofolitropina,urofolitropina
Urokinaza,urokinaza
Urotropina,metenamina
Ustekinumab,ustekinumab
Walacyklowir,walacyklowir
Walacyklowir,chlorowodorek walacyklowiru
Walgancyklowir,walgancyklowir
Walsartan,walsartan
Wandetanib,wandetanib
Wankomycyna,wankomycyna
Wardenafil,wardenafil
Wareniklina,wareniklina
Wareniklina,winian warenikliny
Warfaryna,sól sodowa warfaryny
Warfaryna,warfaryna
Warfaryna,warfaryna sodowa
Wedolizumab,wedolizumab
Wekuronium,bromek wekuronium
Welpataswir,Wskazaniem do stosowania preparatu welpataswir jest leczenie pacjentów z przewlekłym zapalaniem wątroby typu C w szczególności z genotypami 1-6. Zastosowanie znalazł również w współistniejącym zakażeniu ludzkim wirusie upośledzającym odporność (HIV) oraz w wirusowym zapaleniu wątroby (HCV).
Wemurafenib,wemurafenib
Wenetoklaks,wenetoklaks
Wenlafaksyna,wenlafaksyna
Wenlafaksyna,chlorowodorek wenlafaksyny
Werapamil,chlorowodorek werapamilu
Werapamil,werapamil
Wernakalant,chlorowodorek wernakalantu
Werteporfina,werteporfina
Węgiel,węgiel aktywny
Węgiel,węgiel leczniczy
Węglan,węglan dihydroksyglinowo-sodowy
Węglan,Litu węglan
Węglan,węglan magnezu
Węglan,węglan wapnia
Wigabatryna,wigabatryna
Wilanterol,Wilanterol jest stosowany w stanach skurczowych oskrzeli w przebiegu astmy oskrzelowej i odwracalnej obturacji dróg oddechowych. Lek jest również stosowany w celu złagodzenia objawów przewlekłej obturacyjnej choroby płuc (POChP) i zmniejszenia częstości zaostrzeń objawów chorobowych.
Wildagliptyna,wildagliptyna
Winblastyna,siarczan winblastyny
Winflunina,winflunina
Winkrystyna,siarczan winkrystyny
Winkrystyna,winkrystyna
Winorelbina,winorelbina
Winorelbina,winian winorelbiny
Winpocetyna,winpocetyna
Wismodegib,wismodegib
Witamina,tiaminy chlorowodorek
Witamina,cyjanokobalamina
Witamina,ryboflawina
Witamina,nikotynamid
Witamina,chlorowodorek pirydoksyny
Witamina,pirydoksyna
Witamina,kwas askorbinowy
Witamina,cholekalcyferol
Witamina,witamina D3
Witamina,all-rac-α-tokoferylu octan
Witamina,fitomenadion
Wodoroasparaginian,hydroasparginian cynku
Wodoroasparaginian,Wodoroasparaginian magnezu jest wskazany do stosowania w niedoborach magnezu. Czynnikami prowadzącymi do wystąpienia niedoboru magnezu są m.in. spożywanie dużych ilości posiłków bogatotłuszczowych
Wodoroasparaginian,bogatowapniowych
Wodoroasparaginian,pokarmów z wysoką zawartością fosforanów i błonnika
Wodoroasparaginian,picie dużych ilości kawy i herbaty
Wodoroasparaginian,częste i długotrwałe odchudzanie
Wodoroasparaginian,nadużywanie alkoholu. Zwiększone zapotrzebowanie na magnez dotyczy kobiet w okresie ciąży i laktacji
Wodoroasparaginian,stosujących środki antykoncepcyjne
Wodoroasparaginian,a także pacjentów przyjmujących leki psychotropowe
Wodoroasparaginian,nasenne
Wodoroasparaginian,uspokajające
Wodoroasparaginian,antybiotyki
Wodoroasparaginian,cytostatyki
Wodoroasparaginian,osób w okresie intensywnego wzrostu
Wodoroasparaginian,wzmożonego wysiłku fizycznego i w przypadku współistniejącej choroby nerek.
Wodoroasparaginian,wodoroasparaginian potasu
Wodorotlenek,wodorotlenek glinu
Wodorotlenek,wodorotlenek magnezu
Wodorowęglan,Wodorowęglan potasu występuje w lekach wieloskładnikowych jako jedna z kilku substancji czynnych. Łączony jest z innymi związkami potasu lub substancjami mającymi właściwości zoobojętniające kwas żołądkowy lub osłaniające. 
Wodorowęglan,wodorowęglan sodu
Worapaksar,worapaksar
Wortioksetyna,chlorowodorek wortioksetyny
Wortioksetyna,wortioksetyna
Wortioksetyna,bromowodorek wortioksetyny
Worykonazol,worykonazol
Zaleplon,zaleplon
Zanamiwir,zanamiwir
Zespół,zespół protrombiny ludzkiej
Zofenopryl,sól wapniowa zofenoprylu
Zolmitriptan,zolmitriptan
Zolpidem,winian zolpidemu
Zolpidem,zolpidem
Zonisamid,zonisamid
Zopiklon,zopiklon
Zuklopentyksol,dekanian zuklopentyksolu
Zuklopentyksol,octan zuklopentyksolu
Zuklopentyksol,zuklopentyksol
Zydowudyna,zydowudyna
Zykonotyd,octan zykonotydu
Zyprazydon,zyprazydon
Zolmitriptan,zolmitriptan
Zolpidem,winian zolpidemu
Zolpidem,zolpidem
Zonisamid,zonisamid
Zopiklon,zopiklon
Zuklopentyksol,dekanian zuklopentyksolu
Zuklopentyksol,octan zuklopentyksolu
Zuklopentyksol,zuklopentyksol
Zydowudyna,zydowudyna
Zykonotyd,octan zykonotydu
Zyprazydon,zyprazydon
Zolmitriptan,zolmitriptan
Zolpidem,winian zolpidemu
Zolpidem,zolpidem
Zonisamid,zonisamid
Zopiklon,zopiklon
Zuklopentyksol,dekanian zuklopentyksolu
Zuklopentyksol,octan zuklopentyksolu
Zuklopentyksol,zuklopentyksol
Zydowudyna,zydowudyna
Zykonotyd,octan zykonotydu
Zyprazydon,zyprazydon
Zolmitriptan,zolmitriptan
Zolpidem,winian zolpidemu
Zolpidem,zolpidem
Zonisamid,zonisamid
Zopiklon,zopiklon
Zuklopentyksol,dekanian zuklopentyksolu
Zuklopentyksol,octan zuklopentyksolu
Zuklopentyksol,zuklopentyksol
Zydowudyna,zydowudyna
Zykonotyd,octan zykonotydu
Zyprazydon,zyprazydon
