Angielska_nazwa,Substancja_aktywna,,,,,,,,,,,,,,,,,,,,,,,,,,Wskazania,Choroby
Abacavir,"abakawir, siarczan abakawiru",,,,,,,,,,,,,,,,,,,,,,,,,,HIV,
Abciximab,abcyksymab,,,,,,,,,,,,,,,,,,,,,,,,,,niestabilna choroba niedokrwiennej serca,
Abiraterone,abirateron,,,,,,,,,,,,,,,,,,,,,,,,,,rak gruczołu krokowego,
Acebutolol,acebutolol,,,,,,,,,,,,,,,,,,,,,,,,,,nadcisnienie tetnicze,
Aceclofenac,aceklofenak,,,,,,,,,,,,,,,,,,,,,,,,,,stany zapalne,
Acemetacin,acemetacyna,,,,,,,,,,,,,,,,,,,,,,,,,,"reumatoidalne zapalenie stawow, zesztywniajace zapalenie kregosłupa",
Acenocoumarol,acenokumarol,,,,,,,,,,,,,,,,,,,,,,,,"zakrzepica, zakrzepica zył głebokich, zatorowosc płucna,",,zakrzepica,
Acetazolamide,acetazolamid,,,,,,,,,,,,,,,,,,,,,,,,,,problemy z moczem,
Acetylcysteine,acetylocysteina,,,,,,,,,,,,,,,,,,,,,,,,,,"zapalenie oskrzeli
",
Acyclovir,"acyklowir, sol sodowa acyklowiru",,,,,,,,,,,,,,,,,,,,,,,,,,opryszczka,
Acitretine,acytretyna,,,,,,,,,,,,,,,,,,,,,,,,,,choroba Dariera,
Adalimumab,adalimumab,,,,,,,,,,,,,,,,,,,,,,,,,,zapalenie stawow,
Adapalene,adapalen,,,,,,,,,,,,,,,,,,,,,,,,,,choroby nowotworowe,
Adefovir,"adefowir, dipiwoksyl adefowiru",,,,,,,,,,,,,,,,,,,,,,,,,,WZWB,
Adenosine,adenozyna,,,,,,,,,,,,,,,,,,,,,,,,,,zawal serca,
Adrenaline,"adrenalina, chlorowodorek epinefryny, epinefryna, winian adrenaliny",,,,,,,,,,,,,,,,,,,,,,,,,,wstrzas anafilaktyczny,
Afamelanotide,afamelanotyd,,,,,,,,,,,,,,,,,,,,,,,,,,wstrzas anafilaktyczny,
Afatinib,afatynib,,,,,,,,,,,,,,,,,,,,,,,,,,choroby nowotworowe,
Agomelatine,agomelatyna,,,,,,,,,,,,,,,,,,,,,,,,,,depresja,
Acarbose,akarboza,,,,,,,,,,,,,,,,,,,,,,,,,,cukrzyca,
Axitinib,aksytynib,,,,,,,,,,,,,,,,,,,,,,,,,,choroby nowotworowe,
Albendazole,albendazol,,,,,,,,,,,,,,,,,,,,,,,,,,pasozyty,
Albiglutide,albiglutyd,,,,,,,,,,,,,,,,,,,,,,,,,,cukrzyca,
Alectinib,alektynib,,,,,,,,,,,,,,,,,,,,,,,,,,choroby nowotworowe,
Alemtuzumab,alemtuzumab,,,,,,,,,,,,,,,,,,,,,,,,,,stwardnienie rozsiane,
Alfacalcidol,alfakalcydol,,,,,,,,,,,,,,,,,,,,,,,,,,hipokalcemia,
Alfuzosin,"alfuzosyna, alfuzosyny chlorowodorek",,,,,,,,,,,,,,,,,,,,,,,,,,choroby nowotworowe,
Alirocumab,alirokumab,,,,,,,,,,,,,,,,,,,,,,,,,,hipocholesterol,
Aliskiren,aliskiren,,,,,,,,,,,,,,,,,,,,,,,,,,nadcisnienie tetnicze,
Alitretinoin,alitretynoina,,,,,,,,,,,,,,,,,,,,,,,,,,choroby nowotworowe,
Allopurinol,"allopurinol, allopurynol",,,,,,,,,,,,,,,,,,,,,,,,,,choroby nowotworowe,
Almotriptan,"jabÅ‚czan almotryptanu, maleinian almotryptanu",,,,,,,,,,,,,,,,,,,,,,,,,,migrena,
Alogliptin,alogliptyna,,,,,,,,,,,,,,,,,,,,,,,,,,cukrzyca,
Alprazolam,alprazolam,,,,,,,,,,,,,,,,,,,,,,,,,,depresja,
Alteplase,alteplaza,,,,,,,,,,,,,,,,,,,,,,,,,,zawal serca,
Amantadine,"amantadyna, chlorowodorek amantadyny, siarczan amantadyny",,,,,,,,,,,,,,,,,,,,,,,,,,grypa,
Ambazone,"ambazon, ambazon jednowodny",,,,,,,,,,,,,,,,,,,,,,,,,,zapalenie gardła,
Ambenonium,"ambenonium, chlorek ambenonium",,,,,,,,,,,,,,,,,,,,,,,,,,migrena,
Ambrisentan,ambrisentan,,,,,,,,,,,,,,,,,,,,,,,,,,nadcisnienie tetnicze,
Ambroxol,chlorowodorek ambroksolu,,,,,,,,,,,,,,,,,,,,,,,,,,choroby nowotworowe,
Amidotrizoate,"amidotryzoinian, megluminy amidotryzoinian, sodu amidotryzoinian",,,,,,,,,,,,,,,,,,,,,,,,,,atnonia jelit,
Amikacin,"amikacyna, siarczan amikacyny",,,,,,,,,,,,,,,,,,,,,,,,,,zapalenie oka,
Amiloride,"amilorid, amiloryd, chlorowodorek amilorydu",,,,,,,,,,,,,,,,,,,,,,,,,,nadcisnienie tetnicze,
Amine,aminofluorek,,,,,,,,,,,,,,,,,,,,,,,,,,prochnica,
Amiodarone,chlorowodorek amiodaronu,,,,,,,,,,,,,,,,,,,,,,,,,,zaburzenie rytmu serca,
Amisulpride,amisulpryd,,,,,,,,,,,,,,,,,,,,,,,,,,prochnica,
Amitriptyline,"amitryptylina, chlorowodorek amitryptyliny",,,,,,,,,,,,,,,,,,,,,,,,,,prochnica,
Amlodipine,bezylan amlodypiny,,,,,,,,,,,,,,,,,,,,,,,,,,nadcisnienie tetnicze,
Ampicillin,"ampicylina, sol sodowa ampicyliny",,,,,,,,,,,,,,,,,,,,,,,,,,zakazenia ukladu moczowego,
Amsacrine,amsakryna,,,,,,,,,,,,,,,,,,,,,,,,,,choroby nowotworowe,
Anagrelide,anagrelid,,,,,,,,,,,,,,,,,,,,,,,,,,nadpaczkowatosc,
Anakinra,anakinra,,,,,,,,,,,,,,,,,,,,,,,,,,zapalenie stawow,
Anastrozole,anastrozol,,,,,,,,,,,,,,,,,,,,,,,,,,choroby nowotworowe,
Antazoline,"chlorowodorek antazoliny, mezylan antazoliny, siarczan antazoliny",,,,,,,,,,,,,,,,,,,,,,,,,,alergia,
Apixaban,apiksaban,,,,,,,,,,,,,,,,,,,,,,,,,,choroby układu krwionosnego,
Apomorphine,apomorfina,,,,,,,,,,,,,,,,,,,,,,,,,,choroba Parkinsona,
"Apraclonidine,","apraklonidyna, chlorowodorek apraklonidyny",,,,,,,,,,,,,,,,,,,,,,,,,,nadcisnienie tetnicze,
Apremilast,apremilast,,,,,,,,,,,,,,,,,,,,,,,,,,zapalenie stawow,
Aprepitant,aprepitant,,,,,,,,,,,,,,,,,,,,,,,,,,choroby nowotworowe,
Aprotinin,aprotynina,,,,,,,,,,,,,,,,,,,,,,,,,,zapalenie stawow,
Articaine,"artykaina, chlorowodorek artykainy",,,,,,,,,,,,,,,,,,,,,,,,,,prochnica,
Asenapine,asenapina,,,,,,,,,,,,,,,,,,,,,,,,,,schizofrenia,
Asparaginase,asparaginaza,,,,,,,,,,,,,,,,,,,,,,,,,,schizofrenia,
Atazanavir,"atazanawir, siarczan atazanawiru",,,,,,,,,,,,,,,,,,,,,,,,,,HIV,
Atenolol,atenolol,,,,,,,,,,,,,,,,,,,,,,,,,,choroby ukladu krwionosnego,
Atomoxetine,atomoksetyna,,,,,,,,,,,,,,,,,,,,,,,,,,nadpobudliwosc,
Atorvastatin,atorwastatyna,,,,,,,,,,,,,,,,,,,,,,,,,,choroby ukladu krwionosnego,
Atropine,"atropina, L-atropina, siarczan atropiny",,,,,,,,,,,,,,,,,,,,,,,,,,zapalenie oka,
Avanafil,awanafil,,,,,,,,,,,,,,,,,,,,,,,,,,zaburzenia erekcji,
Azacitidine,azacytydyna,,,,,,,,,,,,,,,,,,,,,,,,,,choroby ukladu krwionosnego,
Azathioprine,azatiopryna,,,,,,,,,,,,,,,,,,,,,,,,,,zapalenie,
Azelastine,"azelastyna, chlorowodorek azelastyny",,,,,,,,,,,,,,,,,,,,,,,,,,zapalenie oka,
Aztreonam,aztreonam,,,,,,,,,,,,,,,,,,,,,,,,,,zapalenia,
Azilsartan,medoksomilu azylsartanu,,,,,,,,,,,,,,,,,,,,,,,,,,nadcisnienie tetnicze,
Azithromycin,"azytromycyna, dwuwodna azytromycyna",,,,,,,,,,,,,,,,,,,,,,,,,,zapalenia,
Bacitracin,"bacytracyna, bacytracyna cynkowa",,,,,,,,,,,,,,,,,,,,,,,,,,zapalenie skory,
Bazedoxifene,bazedoksyfen,,,,,,,,,,,,,,,,,,,,,,,,,,osteoporoza,
Bedaquiline,bedakilina,,,,,,,,,,,,,,,,,,,,,,,,,,gruzlica,
Beclomethasone,"beklometazon, dipropionian beklometazonu",,,,,,,,,,,,,,,,,,,,,,,,,,choroby drog oddechowych,
Bexarotene,beksaroten,,,,,,,,,,,,,,,,,,,,,,,,,,zapalenie skory,
Belimumab,belimumab,,,,,,,,,,,,,,,,,,,,,,,,,,zapalenie skory,
Bemiparin,bemiparyna sodowa,,,,,,,,,,,,,,,,,,,,,,,,,,choroby ukladu krwionosnego,
Benazepril,chlorowodorek benazeprilu,,,,,,,,,,,,,,,,,,,,,,,,,,nadcisnienie tetnicze,
Bencyclane,bencyklan,,,,,,,,,,,,,,,,,,,,,,,,,,miazdzyca,
Bendamustine,"bendamustyna, chlorowodorek bendamustyny",,,,,,,,,,,,,,,,,,,,,,,,,,choroby nowotworowe,
Benfotiamine,benfotiamina,,,,,,,,,,,,,,,,,,,,,,,,,,choroby ukladu krwionosnego,
prokainowa,benzylopenicylina prokainowa,,,,,,,,,,,,,,,,,,,,,,,,,,zakazenie,
Beractant,beraktant,,,,,,,,,,,,,,,,,,,,,,,,,,choroby drog oddechowych,
Betahistine,"betahistyna, dichlorowodorek betahistyny",,,,,,,,,,,,,,,,,,,,,,,,,,zawroty glowy,
Betamethasone,"betametazon, dipropionian betametazonu, sol sodowa fosforanu betametazonu, walerianian betametazonu",,,,,,,,,,,,,,,,,,,,,,,,,,choroby nowotworowe,
Bevacizumab,bewacyzumab,,,,,,,,,,,,,,,,,,,,,,,,,,choroby nowotworowe,
Besilesomab,bezylezomab,,,,,,,,,,,,,,,,,,,,,,,,,,choroby ukladu krwionosnego,
Bifonazole,bifonazol,,,,,,,,,,,,,,,,,,,,,,,,,,zapalenie skory,
Bicalutamide,bikalutamid,,,,,,,,,,,,,,,,,,,,,,,,,,choroby nowotworowe,
Bictegravir,biktegrawir,,,,,,,,,,,,,,,,,,,,,,,,,,HIV,
Bilastine,bilastyna,,,,,,,,,,,,,,,,,,,,,,,,,,alergia,
Bimatoprost,bimatoprost,,,,,,,,,,,,,,,,,,,,,,,,,,zapalenie oka,
Biotin,biotyna,,,,,,,,,,,,,,,,,,,,,,,,,,choroba Parkinsona,
Biperiden,chlorowodorek biperydenu,,,,,,,,,,,,,,,,,,,,,,,,,,choroba Parkinsona,
Bisacodyl,bisakodyl,,,,,,,,,,,,,,,,,,,,,,,,,,choroby ukladu pokarmowego,
Bisoprolol,"bisoprolol, fumaran bisoprololu",,,,,,,,,,,,,,,,,,,,,,,,,,nadcisnienie tetnicze,
Bivalirudin,Biwalirudyna,,,,,,,,,,,,,,,,,,,,,,,,,,choroby ukladu krwionosnego,
Bleomycin,bleomycyna,,,,,,,,,,,,,,,,,,,,,,,,,,choroby nowotworowe,
Blinatumomab,blinatumomab  ,,,,,,,,,,,,,,,,,,,,,,,,,,choroby nowotworowe,
Boceprevir,boceprewir,,,,,,,,,,,,,,,,,,,,,,,,,,"Wskazaniem do leczenia boceprewirem byÅ‚o przewlekÅ‚e wirusowe zapalenie wÄ…troby typu C, wywoÅ‚ywane przez wirus o genotypie 1, stosowany byÅ‚ w poÅ‚Ä…czeniu z rybawirynÄ… oraz peginterferonem alfa, u osÃ³b, u ktÃ³rych wystÄ™puje skompensowana choroba wÄ…troby, ktÃ³ra byÅ‚a wczeÅ›niej nieleczona lub wczeÅ›niejsza terapia okazaÅ‚a siÄ™ niepowodzeniem.",
Bortezomib,bortezomib,,,,,,,,,,,,,,,,,,,,,,,,,,szpiczak mnogi,
Bosentan,bosentan,,,,,,,,,,,,,,,,,,,,,,,,,,nadcisnienie tetnicze,
Bosutinib,bosutinib,,,,,,,,,,,,,,,,,,,,,,,,,,choroby nowotworowe,
Brimonidine,"brimonidyna, winian brimonidyny",,,,,,,,,,,,,,,,,,,,,,,,,,nadcisnienie tetnicze,
Brinzolamide,brinzolamid,,,,,,,,,,,,,,,,,,,,,,,,,,nadcisnienie tetnicze,
Brivaracetam,briwaracetam,,,,,,,,,,,,,,,,,,,,,,,,,,depresja,
Ipratropium,"bromek ipratropiowy, bromek ipratropium, ipratropiowy bromek jednowodny",,,,,,,,,,,,,,,,,,,,,,,,,,astma,
Bromfenac,"bromfenak, bromfenak sodu",,,,,,,,,,,,,,,,,,,,,,,,,,zapalenie oka,
Bromhexine,"bromoheksyna, chlorowodorek bromoheksyny",,,,,,,,,,,,,,,,,,,,,,,,,,zapalenie gornych drog oddechowych,
Bromocriptine,"bromokryptyna, bromokryptyny mezylan",,,,,,,,,,,,,,,,,,,,,,,,,,choroba Parkinsona,
Brigatinib,brygatynib,,,,,,,,,,,,,,,,,,,,,,,,,,choroby nowotworowe,
Budesonide,budezonid,,,,,,,,,,,,,,,,,,,,,,,,,,zapalenia,
Bupivacaine,"bupiwakaina, chlorowodorek bupiwakainy",,,,,,,,,,,,,,,,,,,,,,,,,,bole,
Buprenorphine,"buprenorfina, chlorowodorek buprenorfiny",,,,,,,,,,,,,,,,,,,,,,,,,,bole,
Bupropion,"bupropion, chlorowodorek bupropionu",,,,,,,,,,,,,,,,,,,,,,,,,,depresja,
Buspirone,"buspiron, chlorowodorek buspironu",,,,,,,,,,,,,,,,,,,,,,,,,,depresja,
Busulfan,busulfan,,,,,,,,,,,,,,,,,,,,,,,,,,choroby nowotworowe,
Butamirate,cytrynian butamiratu,,,,,,,,,,,,,,,,,,,,,,,,,,choroby drog oddechowych,
Cefadroxil,cefadroksyl,,,,,,,,,,,,,,,,,,,,,,,,,,drobnoustroje,
Cefaclor,cefaklor,,,,,,,,,,,,,,,,,,,,,,,,,,zapalenia,
Cefalexinum,cefaleksyna,,,,,,,,,,,,,,,,,,,,,,,,,,zakazenia drog oddechowych,
Cefamandole,cefamandol,,,,,,,,,,,,,,,,,,,,,,,,,,zakazenia drog oddechowych,
Cefazolin,"cefazolina, cefazolina sodowa",,,,,,,,,,,,,,,,,,,,,,,,,,zapalenia,
Cefepime,dichlorowodorek cefepimu,,,,,,,,,,,,,,,,,,,,,,,,,,zapalenie pluc,
Cefixime,cefiksym,,,,,,,,,,,,,,,,,,,,,,,,,,choroby ukladu wydalniczego,
Cefoperazone,cefoperazon,,,,,,,,,,,,,,,,,,,,,,,,,,zapalenie gornych drog oddechowych,
Cefotaxime,cefotaksym,,,,,,,,,,,,,,,,,,,,,,,,,,zapalenie gornych drog oddechowych,
Ceftazidime,"ceftazydym, ceftazydym piÄ™ciowodny",,,,,,,,,,,,,,,,,,,,,,,,,,zapalenie pluc,
Ceftolozane,ceftolozan,,,,,,,,,,,,,,,,,,,,,,,,,,choroby pokarmowe,
Ceftriaxone,"ceftriakson, ceftriakson sodowy",,,,,,,,,,,,,,,,,,,,,,,,,,zakazenia,
Ceftibuten,ceftybuten,,,,,,,,,,,,,,,,,,,,,,,,,,zakazenia drog oddechowych,
Celecoxibum,celekoksyb,,,,,,,,,,,,,,,,,,,,,,,,,,zapalenia,
Celiprolol,"celiprolol, chlorowodorek celiprololu",,,,,,,,,,,,,,,,,,,,,,,,,,choroby ukladu krwionosnego,
Ceritinib,cerytynib,,,,,,,,,,,,,,,,,,,,,,,,,,choroby nowotworowe,
Cetuximab,cetuksymab,,,,,,,,,,,,,,,,,,,,,,,,,,choroby nowotworowe,
Cetirizine,"cetyryzyna, dichlorowodorek cetyryzyny",,,,,,,,,,,,,,,,,,,,,,,,,,alergia,
Quinagolide,chinagolid,,,,,,,,,,,,,,,,,,,,,,,,,,hiperprolaktemia,
Quinapril,chinapryl,,,,,,,,,,,,,,,,,,,,,,,,,,nadcisnienie tetnicze,
Chlormadinone,"chlormadinon, octan chlormadinonu",,,,,,,,,,,,,,,,,,,,,,,,,,antykoncepcja,
Chloroquine,fosforan chlorochiny,,,,,,,,,,,,,,,,,,,,,,,,,,reumatyzm,
Chlorquinaldol,chlorchinaldol,,,,,,,,,,,,,,,,,,,,,,,,,,zapalenie skory,
Chloradiazepoxide,chlorodiazepoksyd,,,,,,,,,,,,,,,,,,,,,,,,,,alkoholizm,
Chloroprocaine,chlorowodorek chloroprokainy,,,,,,,,,,,,,,,,,,,,,,,,,,znieczulenie,
Chlorthalidone,chlorotalidon,,,,,,,,,,,,,,,,,,,,,,,,,,nadcisnienie tetnicze,
Chlorprothixene,"chlorowodorek chlorprotiksenu, chlorprotiksen",,,,,,,,,,,,,,,,,,,,,,,,,,depresja,
Chondroitin,siarczan chondroityny,,,,,,,,,,,,,,,,,,,,,,,,,,zapalenie stawow,
Cilazapril,cilazapryl,,,,,,,,,,,,,,,,,,,,,,,,,,nadcisnienie tetnicze,
Cilostazol,cilostazol,,,,,,,,,,,,,,,,,,,,,,,,,,choroby układu krwionosnego,
Ciprofibrate,ciprofibrat,,,,,,,,,,,,,,,,,,,,,,,,,,choroby pokarmowe,
Ciprofloxacin,ciprofloksacyna,,,,,,,,,,,,,,,,,,,,,,,,,,zakazenia,
Cisplatin,cisplatyna,,,,,,,,,,,,,,,,,,,,,,,,,,choroby nowotworowe,
Citalopram,"bromowodorek citalopramu, citalopram",,,,,,,,,,,,,,,,,,,,,,,,,,depresja,
Ciclesonide,cyklezonid,,,,,,,,,,,,,,,,,,,,,,,,,,alergia,
Cyclophosphamide,cyklofosfamid,,,,,,,,,,,,,,,,,,,,,,,,,,choroby nowotworowe,
Cyclosporine,cyklosporyna,,,,,,,,,,,,,,,,,,,,,,,,,,przeszczepy,
Cinacalcet,"chlorowodorek cynakalcetu, cynakalcet",,,,,,,,,,,,,,,,,,,,,,,,,,choroby ukladu wydalniczego,
Cinnarizine,cynaryzyna,,,,,,,,,,,,,,,,,,,,,,,,,,choroby pokarmowe,
Cinchocaine,"chlorowodorek cynchokainy, cynchokaina",,,,,,,,,,,,,,,,,,,,,,,,,,choroby pokarmowe,
Cyproheptadine,chlorowodorek cyproheptadyny,,,,,,,,,,,,,,,,,,,,,,,,,,alergia,
Cyproterone,"cyproteron, octan cyproteronu",,,,,,,,,,,,,,,,,,,,,,,,,,chroby hormonalne,
Cytarabine,cytarabina,,,,,,,,,,,,,,,,,,,,,,,,,,choroby nowotworowe,
Cytisine,cytyzyna,,,,,,,,,,,,,,,,,,,,,,,,,,uzaleznienia,
Cisapride,cyzapryd,,,,,,,,,,,,,,,,,,,,,,,,,,zakazenia,
Dabigatran,"dabigatran, eteksylan dabigatranu",,,,,,,,,,,,,,,,,,,,,,,,,,choroby układu krwionosnego,
Dabrafenib,dabrafenib,,,,,,,,,,,,,,,,,,,,,,,,,,choroby nowotworowe,
Dacarbazine,dakarbazyna,,,,,,,,,,,,,,,,,,,,,,,,,,choroby nowotworowe,
Daclatasvir,daklataswir,,,,,,,,,,,,,,,,,,,,,,,,,,WZW C,
Daclizumab,daklizumab,,,,,,,,,,,,,,,,,,,,,,,,,,choroby nowotworowe,
Dapagliflozin,dapagliflozyna,,,,,,,,,,,,,,,,,,,,,,,,,,cukrzyca,
Dapoxetine,chlorowodorek dapoksetyny,,,,,,,,,,,,,,,,,,,,,,,,,,antykoncepcja,
Dapsone,dapson,,,,,,,,,,,,,,,,,,,,,,,,,,opryszczka,
Daptomycin,daptomycyna,,,,,,,,,,,,,,,,,,,,,,,,,,zakazenia,
Daratumumab,daratumumab,,,,,,,,,,,,,,,,,,,,,,,,,,choroby nowotworowe,
Darunavir,darunawir,,,,,,,,,,,,,,,,,,,,,,,,,,HIV,
Darifenacin,daryfenacyna,,,,,,,,,,,,,,,,,,,,,,,,,,choroby ukladu wydalniczego,
Dasatinib,dasatynib,,,,,,,,,,,,,,,,,,,,,,,,,,choroby nowotworowe,
Dasabuvir,dazabuwir,,,,,,,,,,,,,,,,,,,,,,,,,,WZW C,
Decitabine,decytabina,,,,,,,,,,,,,,,,,,,,,,,,,,choroby nowotworowe,
Deferasirox,"deferasiroks, deferazyroks",,,,,,,,,,,,,,,,,,,,,,,,,,przeszczepy,
Defibrotide,defibrotyd,,,,,,,,,,,,,,,,,,,,,,,,,,choroby układu krwionosnego,
Dexamethasone,"deksametazon, fosforan deksametazonu, octan deksametazonu, sol sodowa fosforanu deksametazonu",,,,,,,,,,,,,,,,,,,,,,,,,,alergia,
Dexbrompheniramin,maleinian deksbromfeniraminy,,,,,,,,,,,,,,,,,,,,,,,,,,alergia,
Dexibuprofen,deksibuprofen,,,,,,,,,,,,,,,,,,,,,,,,,,bole,
Dexketoprofen,dexketoprofen,,,,,,,,,,,,,,,,,,,,,,,,,,bole,
Dexlansoprazole,dekslanzoprazol,,,,,,,,,,,,,,,,,,,,,,,,,,choroby pokarmowe,
Dexmedetomidinum,deksmedetomidyna,,,,,,,,,,,,,,,,,,,,,,,,,,depresja,
Dexrazoxane,"chlorowodorek deksrazoksanu, deksrazoksan",,,,,,,,,,,,,,,,,,,,,,,,,,depresja,
Dextran,"dekstran, kompleks wodorotlenku zelaza (III) z dekstranem",,,,,,,,,,,,,,,,,,,,,,,,,,nadcisnienie tetnicze,
Dextromethorphan,"bromowodorek dekstrometorfanu, dekstrometorfan",,,,,,,,,,,,,,,,,,,,,,,,,,alergia,
Dequalinium,"chlorek dekwaliniowy, chlorek dekwaliny",,,,,,,,,,,,,,,,,,,,,,,,,,zapalenie,
Delamanid,delamanid,,,,,,,,,,,,,,,,,,,,,,,,,,gruzlica,
Desflurane,desfluran,,,,,,,,,,,,,,,,,,,,,,,,,,bole,
Desloratadine,desloratadyna,,,,,,,,,,,,,,,,,,,,,,,,,,alergia,
Desmopressin,"desmopresyna, octan desmopresyny",,,,,,,,,,,,,,,,,,,,,,,,,,chroby hormonalne,
Desogestrel,dezogestrel,,,,,,,,,,,,,,,,,,,,,,,,,,antykoncepcja,
Diazepam,diazepam,,,,,,,,,,,,,,,,,,,,,,,,,,depresja,
Dienogest,dienogest,,,,,,,,,,,,,,,,,,,,,,,,,,antykoncepcja,
Diphenhydramine,difenhydramina,,,,,,,,,,,,,,,,,,,,,,,,,,zapalenie,
Diphenoxylate,"difenoksylat, difenoksylatu chlorowodorku",,,,,,,,,,,,,,,,,,,,,,,,,,choroby pokarmowe,
Digoxin,digoksyna,,,,,,,,,,,,,,,,,,,,,,,,,,antykoncepcja,
Dihydroergocristine,maleinian dihydroergokrystyny,,,,,,,,,,,,,,,,,,,,,,,,,,nadcisnienie tetnicze,
Dihydroergotamine,"dihydroergotamina, dihydroergotaminy maleinian, maleinian dihydroergotaminy",,,,,,,,,,,,,,,,,,,,,,,,,,migrena,
Dihydrocodeine,winian dihydrokodeiny,,,,,,,,,,,,,,,,,,,,,,,,,,choroby nowotworowe,
Diclofenac,"diklofenak, diklofenak dietyloamoniowy, diklofenak potasu, sol sodowa diklofenaku",,,,,,,,,,,,,,,,,,,,,,,,,,zapalenie,
Diltiazem,diltiazemu chlorowodorek,,,,,,,,,,,,,,,,,,,,,,,,,,zapalenie,
Dimenhydrinate,dimenhydrynat,,,,,,,,,,,,,,,,,,,,,,,,,,choroby nowotworowe,
Dimetindene,dimetynden melanian,,,,,,,,,,,,,,,,,,,,,,,,,,alergia,
Dinoprostone,dinoproston,,,,,,,,,,,,,,,,,,,,,,,,,,chroby hormonalne,
Diosmectite,diosmektyt,,,,,,,,,,,,,,,,,,,,,,,,,,biegunka,
Distigmime,bromek distygminy,,,,,,,,,,,,,,,,,,,,,,,,,,choroby układu moczowego,
Disulfiram,disulfiram,,,,,,,,,,,,,,,,,,,,,,,,,,depresja,
Dobutamine,"chlorowodorek dobutaminy, dobutamina",,,,,,,,,,,,,,,,,,,,,,,,,,choroby układu krwionosnego,
Docetaxel,"docetaksel, docetaksel bezwodny",,,,,,,,,,,,,,,,,,,,,,,,,,choroby nowotworowe,
Docosanol,dokozanol,,,,,,,,,,,,,,,,,,,,,,,,,,opryszczka,
Doxepin,doksepina,,,,,,,,,,,,,,,,,,,,,,,,,,depresja,
Doxorubicin,"doksorubicyna, doksorubicyny chlorowodorku",,,,,,,,,,,,,,,,,,,,,,,,,,depresja,
Doxycycline,"doksycyklina, hyklan doksycykliny",,,,,,,,,,,,,,,,,,,,,,,,,,zapalenia,
Doxylamine,"doksylamina, doksylaminy wodorobursztynianu",,,,,,,,,,,,,,,,,,,,,,,,,,alergia,
Dolutegravir,dolutegrawir,,,,,,,,,,,,,,,,,,,,,,,,,,HIV,
Domperidone,domperidon,,,,,,,,,,,,,,,,,,,,,,,,,,choroby pokarmowe,
Donepezil,"chlorowodorku donepezilu, donepezil",,,,,,,,,,,,,,,,,,,,,,,,,,choroba Alzheimera,
Dopamine,dopamina chlorowodorek,,,,,,,,,,,,,,,,,,,,,,,,,,choroby układu krwionosnego,
Dorzolamide,dorzolamid,,,,,,,,,,,,,,,,,,,,,,,,,,nadcisnienie tetnicze,
Dronedarone,dronedaron,,,,,,,,,,,,,,,,,,,,,,,,,,choroby układu krwionosnego,
Droperidol,droperydol,,,,,,,,,,,,,,,,,,,,,,,,,,choroby pokarmowe,
Drospirenone,drospirenon,,,,,,,,,,,,,,,,,,,,,,,,,,opryszczka,
Drotaverine,chlorowodorek drotaweryny,,,,,,,,,,,,,,,,,,,,,,,,,,choroby pokarmowe,
Dulaglutide,dulaglutyd,,,,,,,,,,,,,,,,,,,,,,,,,,cukrzyca,
Duloxetine,"duloksetyna, chlorowodorek duloksetyny",,,,,,,,,,,,,,,,,,,,,,,,,,depresja,
Dupilumab,dupilumab,,,,,,,,,,,,,,,,,,,,,,,,,,zapalenie skory,
,,,,,,,,,,,,,,,,,,,,,,,,,,,,
Dydrogesterone,dydrogesteron,,,,,,,,,,,,,,,,,,,,,,,,,,chroby hormonalne,
Edoxaban,edoksaban,,,,,,,,,,,,,,,,,,,,,,,,,,choroby układu krwionosnego,
Edotreotide,edotreotyd,,,,,,,,,,,,,,,,,,,,,,,,,,choroby nowotworowe,
Efavirenz,efawirenz,,,,,,,,,,,,,,,,,,,,,,,,,,HIV,
Econazole,"azotan ekonazolu, ekonazol",,,,,,,,,,,,,,,,,,,,,,,,,,grzybica,
Exemestane,eksemestan,,,,,,,,,,,,,,,,,,,,,,,,,,choroby nowotworowe,
Exenatide,eksenatyd,,,,,,,,,,,,,,,,,,,,,,,,,,cukrzyca,
Eculizumab,ekulizumab,,,,,,,,,,,,,,,,,,,,,,,,,,depresja,
Elbasvir,elbaswir,,,,,,,,,,,,,,,,,,,,,,,,,,WZW C,
Eletriptan,eletryptan,,,,,,,,,,,,,,,,,,,,,,,,,,migrena,
Eluxadoline,eluksadolina,,,,,,,,,,,,,,,,,,,,,,,,,,pasozyty,
Elvitegravir,elwitegrawir,,,,,,,,,,,,,,,,,,,,,,,,,,HIV,
Emedastine,"emedastyna, emedastyny difumaran",,,,,,,,,,,,,,,,,,,,,,,,,,alergia,
Empagliflozin,empagliflozyna,,,,,,,,,,,,,,,,,,,,,,,,,,cukrzyca,
Emtricitabine,emtrycytabina,,,,,,,,,,,,,,,,,,,,,,,,,,HIV,
Enalapril,"enalapril, enalapryl, enalaprylu maleininan (enalaprili maleas)",,,,,,,,,,,,,,,,,,,,,,,,,,nadcisnienie tetnicze,
Enoxaparin,"enoksaparyna, enoksaparyna sodowa",,,,,,,,,,,,,,,,,,,,,,,,,,choroby układu krwionosnego,
Entacapone,entakapon,,,,,,,,,,,,,,,,,,,,,,,,,,choroba Parkinsona,
Entecavir,entekawir,,,,,,,,,,,,,,,,,,,,,,,,,,WZW B,
Enzalutamide,enzalutamid,,,,,,,,,,,,,,,,,,,,,,,,,,choroby nowotworowe,
Epirubicin,epirubicyna,,,,,,,,,,,,,,,,,,,,,,,,,,choroby nowotworowe,
Eplerenone,eplerenon,,,,,,,,,,,,,,,,,,,,,,,,,,choroby układu krwionosnego,
Epoprostenol,epoprostenol,,,,,,,,,,,,,,,,,,,,,,,,,,nadcisnienie tetnicze,
Eprosartan,eprosartan,,,,,,,,,,,,,,,,,,,,,,,,,,nadcisnienie tetnicze,
Eptifibatide,eptyfibatyd,,,,,,,,,,,,,,,,,,,,,,,,,,choroby układu krwionosnego,
Erenumab,erenumab,,,,,,,,,,,,,,,,,,,,,,,,,,migrena,
Erlotinib,erlotynib,,,,,,,,,,,,,,,,,,,,,,,,,,choroby nowotworowe,
Ertapenem,ertapenem,,,,,,,,,,,,,,,,,,,,,,,,,,zakazenia,
Eribulin,"eribulina, erybulina",,,,,,,,,,,,,,,,,,,,,,,,,,choroby nowotworowe,
Escitalopram,escitalopram,,,,,,,,,,,,,,,,,,,,,,,,,,depresja,
Escine,escyna,,,,,,,,,,,,,,,,,,,,,,,,,,choroby układu krwionosnego,
Eslicarbazepine,"eslikarbazepina, octan eslikarbazepiny",,,,,,,,,,,,,,,,,,,,,,,,,,padaczka,
Esmolol,"esmolol, esmololu chlorowodorek",,,,,,,,,,,,,,,,,,,,,,,,,,choroby serca,
Esomeprazole,esomeprazol,,,,,,,,,,,,,,,,,,,,,,,,,,choroby wrzodowej dwunastnicy,
Estazolam,estazolam,,,,,,,,,,,,,,,,,,,,,,,,,,depresja,
Estradiol,"estradiol, estradiol pol‚wodny, waleinian estradiolu",,,,,,,,,,,,,,,,,,,,,,,,,,menopauza,
Estriol,estriol,,,,,,,,,,,,,,,,,,,,,,,,,,"Estriol w postaci tabletek stosowany jest jako hormonalna terapia zastÄ™pcza (HTZ) u kobiet po menopauzie na skutek niedoboru estrogenÃ³w, leczenie okoÅ‚ooperacyjne u kobiet po menopauzie poddawanych operacjom pochwy, niepÅ‚odnoÅ›Ä‡ w przebiegu wrogoÅ›ci Å›luzu szyjowego oraz jako pomoc diagnostyczna w razie wÄ…tpliwego obrazu cytologicznego w wymazie z szyjki macicy.",
etylowe,estry etylowe kwasow omega-3,,,,,,,,,,,,,,,,,,,,,,,,,,Estry etylowe kwasÃ³w omega-3 stosowane sÄ… w hipertriglicerydemii (podwyÅ¼szone stÄ™Å¼enie trÃ³jglicerydÃ³w we krwi). MogÄ… byÄ‡Â stosowane jako uzupeÅ‚nienie diety w monoterapii lub w skojarzeniu ze statynami (lekami obniÅ¼ajÄ…cymi poziom cholesterolu i trÃ³jglicerydÃ³w).,
Ethambutol,"etambutol, etambutolu chlorowodorek",,,,,,,,,,,,,,,,,,,,,,,,,,"Etambutol stosujeÂ siÄ™ w skojarzonej terapii gruÅºlicy wywoÅ‚anej przez drobnoustrojeÂ wraÅ¼liweÂ na tÄ™ substancjÄ™. Lek podaje siÄ™ w przypadku gruÅºlicy pÅ‚uc i opÅ‚ucnej (zarÃ³wno zakaÅ¼enia pierwotne, jak i wtÃ³rne) oraz gruÅºlicy pozapÅ‚ucnej (zwojÃ³w nerwowych, koÅ›ci, stawÃ³w, narzÄ…dÃ³w moczowo-pÅ‚ciowych, opon mÃ³zgowo-rdzeniowych).",
Etamsylate,etamsylat,,,,,,,,,,,,,,,,,,,,,,,,,,"Etamsylat jest stosowany w zapobieganiu krwawieniom naczyniowym przed zabiegiem, w trakcie i w okresie pozabiegowym (np. ekstrakcja zÄ™bÃ³w, zabiegi okulistyczne, chirurgia plastyczna), a takÅ¼e w leczeniu krwawieÅ„ zwiÄ…zanych z chorobami wewnÄ™trznymi (np. krwawienia z drÃ³g moczowych, krew w kale, krwawienia z nosa i z dziÄ…seÅ‚, krwawe wymioty). Etamsylat znajduje szerokie zastosowanie w ginekologii i poÅ‚oÅ¼nictwie jako lek zmniejszajÄ…cy nasilenie krwawieÅ„ menstruacyjnych oraz krwawienia poza cyklem miesiÄ…czkowym, po porodzie, po poronieniu itd. Innym wskazaniem do stosowania etamsylatu jest zapobieganie wystÄ…pieniu krwotokÃ³w okoÅ‚okomorowych u niemowlÄ…t o masie urodzeniowej <1,5 kg.",
Etanercept,etanercept,,,,,,,,,,,,,,,,,,,,,,,,,,"Etanercept wskazany jest w leczeniu Å‚uszczycy zwykÅ‚ej (plackowatej) u dzieci od 6 rokuÂ Å¼ycia, mÅ‚odzieÅ¼y i dorosÅ‚ych, u ktÃ³rych nie ma dziaÅ‚ania lub przeciwwskazane sÄ… leki: cyklosporyna lub metotreksat i naÅ›wietlanie UVA.",
Etelcalcetide,etelkalcetyd,,,,,,,,,,,,,,,,,,,,,,,,,,Etelkalcetyd jest wskazany w leczeniu wtÃ³rnej nadczynnoÅ›ci przytarczyc u dorosÅ‚ych pacjentÃ³w z przewlekÅ‚Ä… chorobÄ… nerek poddawanych hemodializie.,
Etomidate,etomidat,,,,,,,,,,,,,,,,,,,,,,,,,,"Etomidat jest silnym, ale krÃ³tko dziaÅ‚ajÄ…cym Å›rodkiem anestetycznym.",
Etonogestrel,etonogestrel,,,,,,,,,,,,,,,,,,,,,,,,,,"Etonogestrel znajduje zastosowanie jako Å›rodek antykoncepcyjny, samodzielnie, bÄ…dÅº w skojarzeniu z innÄ… substancjÄ… hormonalnÄ….Â ",
Etoposide,etopozyd,,,,,,,,,,,,,,,,,,,,,,,,,,"Etopozyd jest chemioterapeutykiem stosowanym wraz z innymi lekami lub w monoterapii w leczeniu nowotworu jajnika, nawracajÄ…cego bÄ…dÅº opornego raka jÄ…der, ostrej biaÅ‚aczki szpikowej, chÅ‚oniakaÂ nieziarniczegoÂ oraz chÅ‚oniakaÂ Hodgkina. ZwiÄ…zek wykorzystuje siÄ™ takÅ¼eÂ  w terapii drobnokomÃ³rkowego raka pÅ‚uc jak rÃ³wnieÅ¼ w leczeniu ciÄ…Å¼owej choroby trofoblastycznej (Å‚Ä…cznie z innymi chemioterapeutykami).",
Etoricoxib,etorykoksyb,,,,,,,,,,,,,,,,,,,,,,,,,,"Etorykoksyb jest przedstawicielem niesteroidowych lekÃ³w przeciwzapalnych, hamujÄ…cych wybiÃ³rczo cyklooksygenazÄ™ 2. ZwiÄ…zek pomaga zmniejszyÄ‡ bÃ³l i obrzÄ™k towarzyszÄ…cy stanowi zapalnemu.",
Ethosuximide,etosuksymid,,,,,,,,,,,,,,,,,,,,,,,,,,"Etosuksymid jest pochodnÄ… kwasu bursztynowego. Stosowany jest w pierwotnej padaczce uogÃ³lnionej, gdzie mogÄ… pojawiaÄ‡ siÄ™ typowe i nietypowe napady nieÅ›wiadomoÅ›ci.",
Etravirine,etrawiryna,,,,,,,,,,,,,,,,,,,,,,,,,,"Etrawiryna jest przeznaczona do skojarzonego leczenia u pacjentÃ³w zakaÅ¼onych wirusem HIV-1. Stosowana jest u pacjentÃ³w od drugiego roku Å¼ycia, ktÃ³rzy wczeÅ›niej stosowali inne leki przeciwretrowirusowe.Â ",
Etilefrine,etylefryny chlorowodorek,,,,,,,,,,,,,,,,,,,,,,,,,,Etylefryna jest substancjÄ… o dziaÅ‚aniu pobudzajÄ…cym ukÅ‚ad sercowoâ€“naczyniowy.,
Ethinylestradiol,etynyloestradiol,,,,,,,,,,,,,,,,,,,,,,,,,,"EtynyloestradiolÂ jest stosowany jako hormonalna antykoncepcja u kobiet w wieku rozrodczym. Innym wskazaniem do stosowania preparatÃ³w z etynyloestradiolem jest leczenie chorÃ³bÂ androgenozaleÅ¼nych, takich jak nasilone postacie trÄ…dziku, stany zapalne, Å‚ojotok, guzki, Å‚ysienie androgenne, hirsutyzm.",
Everolimus,ewerolimus,,,,,,,,,,,,,,,,,,,,,,,,,,"Ewerolimus jest stosowany w przypadku zaawansowanego raka piersi z ekspresjÄ… receptorÃ³w hormonalnych, nowotworu neuroendokrynnego ukÅ‚adu pokarmowego neuroendokrynnegoÂ nowotworuÂ trzustki,Â raka nerkowokomÃ³rkowego, profilaktyka odrzucania przeszczepu nerki lub serca.",
Evolocumab,ewolokumab,,,,,,,,,,,,,,,,,,,,,,,,,,"Ewolokumab jest przeciwciaÅ‚em monoklonalnym (rodzaj biaÅ‚ka, ktÃ³re wiÄ…Å¼e siÄ™ z okreÅ›lonÄ… substancjÄ… w organizmie) wykorzystywanym w leczeniu hipercholesterolemii (podwyÅ¼szony poziom cholesterolu we krwi) i dyslipidemii mieszanej (choroba, w ktÃ³rej poziom lipidÃ³w we krwi jest zaburzony). Wskazany jest do stosowania w:",
Ezetimibe,ezetimib,,,,,,,,,,,,,,,,,,,,,,,,,,Ezetimib w monoterpii stosowany jest w leczeniu pierwotnej hipercholesterolemii (rodzinnej lub nierodzinnej) u pacjentÃ³w nietolerujÄ…cych statyn lub jeÅ¼eli stosowanie statyn jest przeciwwskazane. Wraz z odpowiedniÄ… dietÄ… stosowany jest u pacjentÃ³w z homozygotycznÄ… sisterolemiÄ… rodzinnÄ… a razem ze statynÄ… w leczeniu homozygotycznej hipercholesterolemii rodzinnej.,
Famotidine,famotydyna,,,,,,,,,,,,,,,,,,,,,,,,,,"Famotydyna, blokujÄ…c receptory histaminowe (H2)Â zlokalizowane w Å¼oÅ‚Ä…dku, prowadzi do ograniczenia produkcji kwasu solnego. Stosowana jest powszechnie w leczeniu: choroby wrzodowej Å¼oÅ‚Ä…dka i dwunastnicy,Â  choroby refluksowej przeÅ‚yku, a takÅ¼e w przypadkachÂ nadprodukcji kwasu solnego, zarÃ³wno przez dzieci jak i dorosÅ‚ych.",
Fampridine,famprydyna,,,,,,,,,,,,,,,,,,,,,,,,,,"Famprydyna jest blokerem kanaÅ‚u potasowego uÅ¼ywanym w celu uÅ‚atwienia chodzenia pacjentom ze stwardnieniem rozsianym. Jest to pierwszy lek, ktÃ³ry zostaÅ‚ specjalnie zatwierdzony do wspomagania mobilnoÅ›ci u tych pacjentÃ³w.",
Febuxostat,febuksostat,,,,,,,,,,,,,,,,,,,,,,,,,,Wskazaniem do stosowania febuksostatu jest przewlekÅ‚a hiperurykemia. Lek stosuje siÄ™ w momencie gdy wystÄ™pujÄ… juÅ¼ zÅ‚ogi moczanowe.,
